country,code,year,child_mortality_rate
Iceland,ISL,2000,0.3951
Sweden,SWE,2000,0.4026
Hong Kong,HKG,2000,0.4147
Finland,FIN,2000,0.4285
Singapore,SGP,2000,0.4286
Japan,JPN,2000,0.4536
Norway,NOR,2000,0.4677
Slovenia,SVN,2000,0.5297
Germany,DEU,2000,0.5377
France,FRA,2000,0.5405
Spain,ESP,2000,0.5443
Austria,AUT,2000,0.5473
Italy,ITA,2000,0.5554
Czech Republic,CZE,2000,0.5616
Switzerland,CHE,2000,0.562
Belgium,BEL,2000,0.5691
Denmark,DNK,2000,0.5726
Netherlands,NLD,2000,0.6137
Luxembourg,LUX,2000,0.6148
Canada,CAN,2000,0.6233
Australia,AUS,2000,0.6337
Greece,GRC,2000,0.6433
United Kingdom,GBR,2000,0.6514
Ireland,IRL,2000,0.6829
Israel,ISR,2000,0.6842
Portugal,PRT,2000,0.6933
New Zealand,NZL,2000,0.7137
Cyprus,CYP,2000,0.7504
Macao,MAC,2000,0.7521
South Korea,KOR,2000,0.7591
Croatia,HRV,2000,0.7697
United States,USA,2000,0.844
Taiwan,TWN,2000,0.8627
Malta,MLT,2000,0.8709
Cuba,CUB,2000,0.8856
Poland,POL,2000,0.9547
Slovakia,SVK,2000,0.978
Hungary,HUN,2000,0.9871
Malaysia,MYS,2000,0.9919
French Polynesia,PYF,2000,1.0269
Reunion,REU,2000,1.0477
Mayotte,MYT,2000,1.0479
Brunei,BRN,2000,1.106
Martinique,MTQ,2000,1.1178
Guadeloupe,GLP,2000,1.130300045
Puerto Rico,PRI,2000,1.1344
Lithuania,LTU,2000,1.1502
Chile,CHL,2000,1.1507
Bosnia and Herzegovina,BIH,2000,1.1851
Estonia,EST,2000,1.1946
Montenegro,MNE,2000,1.2188
United Arab Emirates,ARE,2000,1.2373
Qatar,QAT,2000,1.2855
Channel Islands,OWID_CIS,2000,1.2913
Bahrain,BHR,2000,1.3517
Kuwait,KWT,2000,1.3703
Seychelles,SYC,2000,1.3858
Costa Rica,CRI,2000,1.4203
United States Virgin Islands,VIR,2000,1.4232
Barbados,BRB,2000,1.5394
Belarus,BLR,2000,1.5402
Latvia,LVA,2000,1.5772
Macedonia,MKD,2000,1.6106
Antigua and Barbuda,ATG,2000,1.6656
Grenada,GRD,2000,1.7439
Bulgaria,BGR,2000,1.7493
Uruguay,URY,2000,1.7639
Guam,GUM,2000,1.7642
French Guiana,GUF,2000,1.7683
Serbia,SRB,2000,1.781699944
Curacao,CUW,2000,1.7906
Sri Lanka,LKA,2000,1.8439
Lebanon,LBN,2000,1.8706
Mauritius,MUS,2000,1.8964
Bahamas,BHS,2000,1.9456
Ukraine,UKR,2000,1.9618
Saint Lucia,LCA,2000,2.013
Argentina,ARG,2000,2.0779
Aruba,ABW,2000,2.1272
Thailand,THA,2000,2.1876
Oman,OMN,2000,2.1951
New Caledonia,NCL,2000,2.2067
Romania,ROU,2000,2.2406
Russia,RUS,2000,2.2743
Syria,SYR,2000,2.2783
Venezuela,VEN,2000,2.3553
Saudi Arabia,SAU,2000,2.3626
Belize,BLZ,2000,2.4863
Polynesia,OWID_PYA,2000,2.5068
Jamaica,JAM,2000,2.5076
Fiji,FJI,2000,2.5856
Saint Vincent and the Grenadines,VCT,2000,2.6714
Moldova,MDA,2000,2.6776
Panama,PAN,2000,2.7992
Jordan,JOR,2000,2.8005
Mexico,MEX,2000,2.825
Albania,ALB,2000,2.8269
Tunisia,TUN,2000,2.9025
Tonga,TON,2000,2.9147
El Salvador,SLV,2000,3.0562
Colombia,COL,2000,3.0741
Palestine,PSE,2000,3.1281
Libya,LBY,2000,3.3481
Samoa,WSM,2000,3.3711
Suriname,SUR,2000,3.437
Iran,IRN,2000,3.4765
Armenia,ARM,2000,3.4809
Vietnam,VNM,2000,3.5107
Georgia,GEO,2000,3.5945
Trinidad and Tobago,TTO,2000,3.6382
China,CHN,2000,3.6696
Nicaragua,NIC,2000,3.686
Cape Verde,CPV,2000,3.7111
Brazil,BRA,2000,3.7584
Ecuador,ECU,2000,3.8833
Philippines,PHL,2000,3.9457
Turkey,TUR,2000,4.0999
Egypt,EGY,2000,4.1708
Dominican Republic,DOM,2000,4.2175
Maldives,MDV,2000,4.3886
Iraq,IRQ,2000,4.3894
Paraguay,PRY,2000,4.5423
Honduras,HND,2000,4.6505
Kazakhstan,KAZ,2000,4.6591
Vanuatu,VUT,2000,4.7529
Peru,PER,2000,4.8219
Guyana,GUY,2000,4.8409
Algeria,DZA,2000,4.871
Micronesia,FSM,2000,4.90320015
Morocco,MAR,2000,4.9631
Kyrgyzstan,KGZ,2000,5.0883
Indonesia,IDN,2000,5.1048
Guatemala,GTM,2000,5.1929
Mongolia,MNG,2000,5.933
North Korea,PRK,2000,6.0205
Uzbekistan,UZB,2000,6.4329
Melanesia,OWID_MNS,2000,6.9702
Kiribati,KIR,2000,7.0692
Azerbaijan,AZE,2000,7.2263
Solomon Islands,SLB,2000,7.5464
Papua New Guinea,PNG,2000,7.5653
World,OWID_WRL,2000,7.6526
South Africa,ZAF,2000,7.6931
Western Sahara,ESH,2000,7.8592
Namibia,NAM,2000,7.9649
Turkmenistan,TKM,2000,7.9754
Sao Tome and Principe,STP,2000,8.019
Nepal,NPL,2000,8.0961
Myanmar,MMR,2000,8.2948
Bhutan,BTN,2000,8.3853
Bangladesh,BGD,2000,8.7199
Gabon,GAB,2000,8.8173
India,IND,2000,8.9614
Tajikistan,TJK,2000,9.0151
Eritrea,ERI,2000,9.2278
Botswana,BWA,2000,9.6238
Zimbabwe,ZWE,2000,9.759
Ghana,GHA,2000,9.8926
Haiti,HTI,2000,9.8993
Yemen,YEM,2000,10.0053
Madagascar,MDG,2000,10.0811
Timor,TLS,2000,10.1098
Comoros,COM,2000,10.1563
Kenya,KEN,2000,10.1978
Cambodia,KHM,2000,10.426
Sudan,SDN,2000,10.5382
Laos,LAO,2000,10.5591
Djibouti,DJI,2000,10.8798
Bolivia,BOL,2000,10.9939
Pakistan,PAK,2000,11.2785
Mauritania,MRT,2000,11.2995
Swaziland,SWZ,2000,11.4621
Gambia,GMB,2000,11.6864
Lesotho,LSO,2000,11.7071
Tanzania,TZA,2000,12.1091
Togo,TGO,2000,12.9179
Senegal,SEN,2000,12.9599
Afghanistan,AFG,2000,13.1208
Congo,COG,2000,13.3912
Cote d'Ivoire,CIV,2000,13.7065
Uganda,UGA,2000,13.8211
Ethiopia,ETH,2000,13.8861
Zambia,ZMB,2000,14.2878
Benin,BEN,2000,14.3601
Malawi,MWI,2000,15.1879
Equatorial Guinea,GNQ,2000,15.2557
Cameroon,CMR,2000,15.4451
Burundi,BDI,2000,15.815
Rwanda,RWA,2000,15.9296
Liberia,LBR,2000,16.5687
Somalia,SOM,2000,16.6171
Mozambique,MOZ,2000,16.8111
Guinea,GIN,2000,17.4918
Guinea-Bissau,GNB,2000,17.5626
South Sudan,SSD,2000,17.662
Democratic Republic of Congo,COD,2000,17.8266
Burkina Faso,BFA,2000,18.35
Chad,TCD,2000,18.547
Central African Republic,CAF,2000,18.6968
Nigeria,NGA,2000,18.7369
Angola,AGO,2000,20.438
Mali,MLI,2000,21.6559
Niger,NER,2000,21.8709
Sierra Leone,SLE,2000,23.3456
Iceland,ISL,2001,0.3681
Hong Kong,HKG,2001,0.3911
Singapore,SGP,2001,0.3916
Sweden,SWE,2001,0.3946
Finland,FIN,2001,0.415
Japan,JPN,2001,0.4335
Norway,NOR,2001,0.4545
Slovenia,SVN,2001,0.5077
Spain,ESP,2001,0.5217
Germany,DEU,2001,0.5232
Italy,ITA,2001,0.5253
Czech Republic,CZE,2001,0.527
France,FRA,2001,0.5285
Austria,AUT,2001,0.5368
Belgium,BEL,2001,0.5484
Switzerland,CHE,2001,0.5537
Denmark,DNK,2001,0.5604
Greece,GRC,2001,0.5985
Netherlands,NLD,2001,0.6014
Luxembourg,LUX,2001,0.6039
Australia,AUS,2001,0.6183
Canada,CAN,2001,0.6185
United Kingdom,GBR,2001,0.6388
Portugal,PRT,2001,0.6448
Israel,ISR,2001,0.6565
Ireland,IRL,2001,0.6595
New Zealand,NZL,2001,0.6953
South Korea,KOR,2001,0.7096
Cyprus,CYP,2001,0.713
Macao,MAC,2001,0.7142
Croatia,HRV,2001,0.7592
United States,USA,2001,0.8338
Taiwan,TWN,2001,0.8353
Cuba,CUB,2001,0.8367
Malta,MLT,2001,0.8423
Poland,POL,2001,0.8913
Hungary,HUN,2001,0.9368
Slovakia,SVK,2001,0.9399
Malaysia,MYS,2001,0.9404
Reunion,REU,2001,0.9833
Mayotte,MYT,2001,0.9836
French Polynesia,PYF,2001,1.0075
Brunei,BRN,2001,1.0532
Martinique,MTQ,2001,1.0657
Lithuania,LTU,2001,1.0749
Guadeloupe,GLP,2001,1.075699997
Puerto Rico,PRI,2001,1.0761
Estonia,EST,2001,1.0834
Chile,CHL,2001,1.1047
Bosnia and Herzegovina,BIH,2001,1.1615
United Arab Emirates,ARE,2001,1.1655
Montenegro,MNE,2001,1.2227
Qatar,QAT,2001,1.2264
Channel Islands,OWID_CIS,2001,1.2489
Bahrain,BHR,2001,1.3016
Kuwait,KWT,2001,1.3523
Seychelles,SYC,2001,1.3657
Costa Rica,CRI,2001,1.3879
United States Virgin Islands,VIR,2001,1.3899
Belarus,BLR,2001,1.4241
Latvia,LVA,2001,1.4445
Macedonia,MKD,2001,1.5005
Barbados,BRB,2001,1.5071
Antigua and Barbuda,ATG,2001,1.5988
Bulgaria,BGR,2001,1.6704
Guam,GUM,2001,1.6838
French Guiana,GUF,2001,1.6884
Grenada,GRD,2001,1.6944
Uruguay,URY,2001,1.7416
Serbia,SRB,2001,1.743300056
Lebanon,LBN,2001,1.7533
Sri Lanka,LKA,2001,1.7574
Curacao,CUW,2001,1.7759
Mauritius,MUS,2001,1.7945
Bahamas,BHS,2001,1.8695
Ukraine,UKR,2001,1.9111
Argentina,ARG,2001,1.9527
Saint Lucia,LCA,2001,1.9716
Oman,OMN,2001,2.0152
Thailand,THA,2001,2.0902
Aruba,ABW,2001,2.1093
New Caledonia,NCL,2001,2.1351
Romania,ROU,2001,2.1446
Russia,RUS,2001,2.1583
Syria,SYR,2001,2.1885
Saudi Arabia,SAU,2001,2.214
Venezuela,VEN,2001,2.2742
Belize,BLZ,2001,2.4053
Polynesia,OWID_PYA,2001,2.4457
Jamaica,JAM,2001,2.4672
Fiji,FJI,2001,2.5006
Moldova,MDA,2001,2.5397
Saint Vincent and the Grenadines,VCT,2001,2.6706
Mexico,MEX,2001,2.683
Panama,PAN,2001,2.7139
Albania,ALB,2001,2.715
Jordan,JOR,2001,2.7249
Tunisia,TUN,2001,2.7573
Tonga,TON,2001,2.8761
El Salvador,SLV,2001,2.9248
Colombia,COL,2001,2.9925
Palestine,PSE,2001,3.0544
Samoa,WSM,2001,3.2579
Iran,IRN,2001,3.2835
Libya,LBY,2001,3.2858
Armenia,ARM,2001,3.2885
Suriname,SUR,2001,3.3346
Vietnam,VNM,2001,3.3983
Cape Verde,CPV,2001,3.4156
China,CHN,2001,3.4236
Georgia,GEO,2001,3.4326
Nicaragua,NIC,2001,3.48
Brazil,BRA,2001,3.6163
Trinidad and Tobago,TTO,2001,3.6467
Ecuador,ECU,2001,3.7131
Turkey,TUR,2001,3.791
Philippines,PHL,2001,3.8497
Maldives,MDV,2001,3.9069
Egypt,EGY,2001,3.9705
Dominican Republic,DOM,2001,4.064
Iraq,IRQ,2001,4.2915
Kazakhstan,KAZ,2001,4.3524
Paraguay,PRY,2001,4.4256
Peru,PER,2001,4.4906
Vanuatu,VUT,2001,4.5384
Honduras,HND,2001,4.5606
Algeria,DZA,2001,4.7296
Guyana,GUY,2001,4.7382
Morocco,MAR,2001,4.7808
Kyrgyzstan,KGZ,2001,4.8129
Micronesia,FSM,2001,4.838999939
Indonesia,IDN,2001,4.8713
Guatemala,GTM,2001,4.9753
North Korea,PRK,2001,5.2201
Mongolia,MNG,2001,5.5312
Uzbekistan,UZB,2001,6.2339
Melanesia,OWID_MNS,2001,6.8352
Kiribati,KIR,2001,6.925
Azerbaijan,AZE,2001,6.9342
Solomon Islands,SLB,2001,7.1174
World,OWID_WRL,2001,7.3999
Papua New Guinea,PNG,2001,7.4354
Western Sahara,ESH,2001,7.5022
Nepal,NPL,2001,7.6202
Bhutan,BTN,2001,7.777
Turkmenistan,TKM,2001,7.8142
South Africa,ZAF,2001,7.8371
Sao Tome and Principe,STP,2001,7.9018
Namibia,NAM,2001,7.9169
Myanmar,MMR,2001,8.0751
Bangladesh,BGD,2001,8.2118
India,IND,2001,8.6144
Tajikistan,TJK,2001,8.7127
Eritrea,ERI,2001,8.7253
Gabon,GAB,2001,8.7525
Botswana,BWA,2001,9.4207
Timor,TLS,2001,9.468
Madagascar,MDG,2001,9.4891
Haiti,HTI,2001,9.6275
Ghana,GHA,2001,9.6906
Cambodia,KHM,2001,9.7174
Yemen,YEM,2001,9.7375
Zimbabwe,ZWE,2001,9.855
Kenya,KEN,2001,9.9288
Comoros,COM,2001,10.1051
Laos,LAO,2001,10.142
Sudan,SDN,2001,10.2432
Bolivia,BOL,2001,10.639
Djibouti,DJI,2001,10.754
Pakistan,PAK,2001,11.0355
Gambia,GMB,2001,11.2489
Mauritania,MRT,2001,11.2597
Tanzania,TZA,2001,11.3508
Swaziland,SWZ,2001,11.6286
Lesotho,LSO,2001,11.8572
Senegal,SEN,2001,12.4065
Afghanistan,AFG,2001,12.6819
Togo,TGO,2001,12.6927
Congo,COG,2001,13.1921
Ethiopia,ETH,2001,13.2177
Uganda,UGA,2001,13.2495
Cote d'Ivoire,CIV,2001,13.4817
Zambia,ZMB,2001,13.6198
Benin,BEN,2001,14.0161
Malawi,MWI,2001,14.5545
Rwanda,RWA,2001,14.7123
Equatorial Guinea,GNQ,2001,14.8816
Cameroon,CMR,2001,14.9549
Burundi,BDI,2001,15.5011
Liberia,LBR,2001,15.5164
Mozambique,MOZ,2001,16.0661
Somalia,SOM,2001,16.3059
Guinea,GIN,2001,16.9247
South Sudan,SSD,2001,17.1736
Guinea-Bissau,GNB,2001,17.2706
Democratic Republic of Congo,COD,2001,17.2954
Burkina Faso,BFA,2001,17.9512
Nigeria,NGA,2001,18.1393
Chad,TCD,2001,18.4208
Central African Republic,CAF,2001,18.6324
Angola,AGO,2001,19.4704
Mali,MLI,2001,20.8968
Niger,NER,2001,20.9412
Sierra Leone,SLE,2001,22.7214
Iceland,ISL,2002,0.3455
Singapore,SGP,2002,0.3572
Hong Kong,HKG,2002,0.3697
Sweden,SWE,2002,0.3874
Finland,FIN,2002,0.4024
Japan,JPN,2002,0.415
Norway,NOR,2002,0.4424
Slovenia,SVN,2002,0.4886
Czech Republic,CZE,2002,0.4981
Italy,ITA,2002,0.4987
Spain,ESP,2002,0.5015
Germany,DEU,2002,0.5097
France,FRA,2002,0.5184
Austria,AUT,2002,0.5279
Belgium,BEL,2002,0.5323
Switzerland,CHE,2002,0.5462
Denmark,DNK,2002,0.547
Greece,GRC,2002,0.5561
Luxembourg,LUX,2002,0.5847
Netherlands,NLD,2002,0.5883
Portugal,PRT,2002,0.5992
Australia,AUS,2002,0.6031
Canada,CAN,2002,0.6147
United Kingdom,GBR,2002,0.627
Israel,ISR,2002,0.6307
Ireland,IRL,2002,0.6316
South Korea,KOR,2002,0.6634
Cyprus,CYP,2002,0.6767
New Zealand,NZL,2002,0.6787
Macao,MAC,2002,0.6792
Croatia,HRV,2002,0.7532
Cuba,CUB,2002,0.7965
Taiwan,TWN,2002,0.8044
Malta,MLT,2002,0.8147
United States,USA,2002,0.8265
Poland,POL,2002,0.8397
Hungary,HUN,2002,0.8892
Malaysia,MYS,2002,0.8998
Slovakia,SVK,2002,0.9045
Reunion,REU,2002,0.923
Mayotte,MYT,2002,0.9233
Estonia,EST,2002,0.9801
Brunei,BRN,2002,1.0016
French Polynesia,PYF,2002,1.0031
Lithuania,LTU,2002,1.0092
Martinique,MTQ,2002,1.0214
Guadeloupe,GLP,2002,1.023600006
Puerto Rico,PRI,2002,1.0242
Chile,CHL,2002,1.0653
United Arab Emirates,ARE,2002,1.0971
Bosnia and Herzegovina,BIH,2002,1.152
Qatar,QAT,2002,1.1707
Channel Islands,OWID_CIS,2002,1.2065
Montenegro,MNE,2002,1.238
Bahrain,BHR,2002,1.255
Belarus,BLR,2002,1.3054
Latvia,LVA,2002,1.3201
Kuwait,KWT,2002,1.3368
Seychelles,SYC,2002,1.3464
Costa Rica,CRI,2002,1.358
United States Virgin Islands,VIR,2002,1.3603
Macedonia,MKD,2002,1.4109
Barbados,BRB,2002,1.4764
Antigua and Barbuda,ATG,2002,1.5341
Bulgaria,BGR,2002,1.5847
French Guiana,GUF,2002,1.6093
Guam,GUM,2002,1.6098
Lebanon,LBN,2002,1.6458
Grenada,GRD,2002,1.6466
Sri Lanka,LKA,2002,1.6678
Mauritius,MUS,2002,1.6994
Serbia,SRB,2002,1.70340004
Uruguay,URY,2002,1.7237
Curacao,CUW,2002,1.7546
Bahamas,BHS,2002,1.7942
Argentina,ARG,2002,1.8467
Oman,OMN,2002,1.8469
Ukraine,UKR,2002,1.8563
Saint Lucia,LCA,2002,1.9255
Thailand,THA,2002,1.9966
Russia,RUS,2002,2.0293
Romania,ROU,2002,2.0416
New Caledonia,NCL,2002,2.0675
Saudi Arabia,SAU,2002,2.0859
Aruba,ABW,2002,2.0863
Syria,SYR,2002,2.0983
Venezuela,VEN,2002,2.1949
Belize,BLZ,2002,2.3354
Polynesia,OWID_PYA,2002,2.3892
Moldova,MDA,2002,2.4085
Jamaica,JAM,2002,2.4223
Fiji,FJI,2002,2.4301
Mexico,MEX,2002,2.5697
Albania,ALB,2002,2.5941
Tunisia,TUN,2002,2.614
Panama,PAN,2002,2.6263
Jordan,JOR,2002,2.6508
Saint Vincent and the Grenadines,VCT,2002,2.6567
El Salvador,SLV,2002,2.8155
Tonga,TON,2002,2.8378
Colombia,COL,2002,2.9182
Palestine,PSE,2002,2.9863
Iran,IRN,2002,3.0952
Armenia,ARM,2002,3.1159
Samoa,WSM,2002,3.1469
Cape Verde,CPV,2002,3.1682
China,CHN,2002,3.1732
Libya,LBY,2002,3.2196
Suriname,SUR,2002,3.2492
Georgia,GEO,2002,3.2708
Vietnam,VNM,2002,3.2938
Nicaragua,NIC,2002,3.3106
Maldives,MDV,2002,3.4546
Brazil,BRA,2002,3.4615
Turkey,TUR,2002,3.5054
Ecuador,ECU,2002,3.5522
Trinidad and Tobago,TTO,2002,3.6395
Philippines,PHL,2002,3.7573
Egypt,EGY,2002,3.8099
Dominican Republic,DOM,2002,3.9164
Kazakhstan,KAZ,2002,4.048
Peru,PER,2002,4.1944
Iraq,IRQ,2002,4.1957
Paraguay,PRY,2002,4.3158
Vanuatu,VUT,2002,4.3376
North Korea,PRK,2002,4.4816
Honduras,HND,2002,4.4876
Kyrgyzstan,KGZ,2002,4.5581
Algeria,DZA,2002,4.5874
Morocco,MAR,2002,4.6175
Guyana,GUY,2002,4.6439
Indonesia,IDN,2002,4.6508
Micronesia,FSM,2002,4.768700027
Guatemala,GTM,2002,4.7712
Mongolia,MNG,2002,5.1504
Uzbekistan,UZB,2002,6.0224
Azerbaijan,AZE,2002,6.6371
Melanesia,OWID_MNS,2002,6.7048
Solomon Islands,SLB,2002,6.7053
Kiribati,KIR,2002,6.8013
World,OWID_WRL,2002,7.14
Western Sahara,ESH,2002,7.1531
Nepal,NPL,2002,7.1711
Bhutan,BTN,2002,7.2003
Papua New Guinea,PNG,2002,7.3097
Turkmenistan,TKM,2002,7.6494
Bangladesh,BGD,2002,7.7265
Sao Tome and Principe,STP,2002,7.7606
Namibia,NAM,2002,7.8035
Myanmar,MMR,2002,7.8667
South Africa,ZAF,2002,7.928
India,IND,2002,8.2705
Eritrea,ERI,2002,8.2906
Tajikistan,TJK,2002,8.3893
Gabon,GAB,2002,8.64
Timor,TLS,2002,8.8884
Madagascar,MDG,2002,8.9445
Cambodia,KHM,2002,8.9632
Botswana,BWA,2002,9.095
Haiti,HTI,2002,9.393
Yemen,YEM,2002,9.4247
Ghana,GHA,2002,9.4924
Kenya,KEN,2002,9.6089
Laos,LAO,2002,9.7261
Zimbabwe,ZWE,2002,9.8788
Sudan,SDN,2002,9.9526
Comoros,COM,2002,10.0415
Bolivia,BOL,2002,10.2895
Tanzania,TZA,2002,10.6175
Djibouti,DJI,2002,10.6284
Pakistan,PAK,2002,10.8012
Gambia,GMB,2002,10.8231
Mauritania,MRT,2002,11.2092
Swaziland,SWZ,2002,11.7181
Senegal,SEN,2002,11.7694
Lesotho,LSO,2002,11.8927
Afghanistan,AFG,2002,12.2242
Togo,TGO,2002,12.3968
Ethiopia,ETH,2002,12.5561
Uganda,UGA,2002,12.6955
Congo,COG,2002,12.8543
Zambia,ZMB,2002,12.9504
Cote d'Ivoire,CIV,2002,13.258
Benin,BEN,2002,13.6656
Malawi,MWI,2002,13.9231
Rwanda,RWA,2002,13.9486
Cameroon,CMR,2002,14.4355
Liberia,LBR,2002,14.4917
Equatorial Guinea,GNQ,2002,14.5189
Burundi,BDI,2002,15.2366
Mozambique,MOZ,2002,15.3602
Somalia,SOM,2002,16.0646
Guinea,GIN,2002,16.3091
Democratic Republic of Congo,COD,2002,16.694
South Sudan,SSD,2002,16.6965
Guinea-Bissau,GNB,2002,16.9818
Burkina Faso,BFA,2002,17.4737
Nigeria,NGA,2002,17.5132
Chad,TCD,2002,18.2991
Angola,AGO,2002,18.4716
Central African Republic,CAF,2002,18.5332
Niger,NER,2002,20.0187
Mali,MLI,2002,20.0622
Sierra Leone,SLE,2002,22.0846
Iceland,ISL,2003,0.3277
Singapore,SGP,2003,0.328
Hong Kong,HKG,2003,0.3511
Sweden,SWE,2003,0.3792
Finland,FIN,2003,0.3904
Japan,JPN,2003,0.3983
Norway,NOR,2003,0.4303
Slovenia,SVN,2003,0.4711
Czech Republic,CZE,2003,0.4726
Italy,ITA,2003,0.4753
Spain,ESP,2003,0.483
Germany,DEU,2003,0.497
France,FRA,2003,0.5079
Greece,GRC,2003,0.5182
Austria,AUT,2003,0.5185
Belgium,BEL,2003,0.5186
Denmark,DNK,2003,0.5312
Switzerland,CHE,2003,0.538
Luxembourg,LUX,2003,0.5543
Portugal,PRT,2003,0.557
Netherlands,NLD,2003,0.5737
Australia,AUS,2003,0.5883
Ireland,IRL,2003,0.6001
Israel,ISR,2003,0.6055
Canada,CAN,2003,0.6111
United Kingdom,GBR,2003,0.616
South Korea,KOR,2003,0.6196
Cyprus,CYP,2003,0.6417
Macao,MAC,2003,0.6463
New Zealand,NZL,2003,0.6644
Croatia,HRV,2003,0.7478
Cuba,CUB,2003,0.7649
Taiwan,TWN,2003,0.7732
Malta,MLT,2003,0.7881
Poland,POL,2003,0.7962
United States,USA,2003,0.8208
Hungary,HUN,2003,0.8438
Reunion,REU,2003,0.8665
Mayotte,MYT,2003,0.8667
Malaysia,MYS,2003,0.8707
Slovakia,SVK,2003,0.8716
Estonia,EST,2003,0.8864
Lithuania,LTU,2003,0.9492
Brunei,BRN,2003,0.9518
Guadeloupe,GLP,2003,0.973999977
Puerto Rico,PRI,2003,0.9828
Martinique,MTQ,2003,0.9848
French Polynesia,PYF,2003,1.0033
United Arab Emirates,ARE,2003,1.0324
Chile,CHL,2003,1.0327
Qatar,QAT,2003,1.1188
Bosnia and Herzegovina,BIH,2003,1.1451
Channel Islands,OWID_CIS,2003,1.1651
Belarus,BLR,2003,1.1923
Latvia,LVA,2003,1.2098
Bahrain,BHR,2003,1.2112
Montenegro,MNE,2003,1.2528
Kuwait,KWT,2003,1.3227
Seychelles,SYC,2003,1.3282
Costa Rica,CRI,2003,1.3303
United States Virgin Islands,VIR,2003,1.3339
Macedonia,MKD,2003,1.3414
Barbados,BRB,2003,1.445
Antigua and Barbuda,ATG,2003,1.4719
Bulgaria,BGR,2003,1.4967
French Guiana,GUF,2003,1.5317
Guam,GUM,2003,1.5428
Lebanon,LBN,2003,1.5475
Sri Lanka,LKA,2003,1.5754
Grenada,GRD,2003,1.5988
Mauritius,MUS,2003,1.6222
Serbia,SRB,2003,1.663500023
Oman,OMN,2003,1.6904
Uruguay,URY,2003,1.7055
Bahamas,BHS,2003,1.7237
Curacao,CUW,2003,1.7281
Argentina,ARG,2003,1.7664
Ukraine,UKR,2003,1.7995
Saint Lucia,LCA,2003,1.8738
Russia,RUS,2003,1.8937
Thailand,THA,2003,1.9071
Romania,ROU,2003,1.9325
Saudi Arabia,SAU,2003,1.9802
New Caledonia,NCL,2003,2.0037
Syria,SYR,2003,2.0093
Aruba,ABW,2003,2.0582
Venezuela,VEN,2003,2.1201
Belize,BLZ,2003,2.2708
Moldova,MDA,2003,2.2882
Polynesia,OWID_PYA,2003,2.3343
Jamaica,JAM,2003,2.374
Fiji,FJI,2003,2.3744
Albania,ALB,2003,2.4647
Tunisia,TUN,2003,2.4779
Mexico,MEX,2003,2.4892
Panama,PAN,2003,2.5388
Jordan,JOR,2003,2.5786
Saint Vincent and the Grenadines,VCT,2003,2.6282
El Salvador,SLV,2003,2.7243
Tonga,TON,2003,2.7998
Colombia,COL,2003,2.854
Iran,IRN,2003,2.9143
Palestine,PSE,2003,2.9216
China,CHN,2003,2.9246
Armenia,ARM,2003,2.9584
Cape Verde,CPV,2003,2.9781
Samoa,WSM,2003,3.0363
Maldives,MDV,2003,3.0389
Georgia,GEO,2003,3.1027
Libya,LBY,2003,3.1513
Nicaragua,NIC,2003,3.1769
Suriname,SUR,2003,3.1793
Vietnam,VNM,2003,3.1948
Turkey,TUR,2003,3.2386
Brazil,BRA,2003,3.2938
Ecuador,ECU,2003,3.4023
Trinidad and Tobago,TTO,2003,3.6166
Egypt,EGY,2003,3.6634
Philippines,PHL,2003,3.6672
Kazakhstan,KAZ,2003,3.7573
Dominican Republic,DOM,2003,3.7786
North Korea,PRK,2003,3.8991
Peru,PER,2003,3.9368
Iraq,IRQ,2003,4.1091
Vanuatu,VUT,2003,4.1498
Paraguay,PRY,2003,4.214
Kyrgyzstan,KGZ,2003,4.3245
Honduras,HND,2003,4.4278
Indonesia,IDN,2003,4.4425
Algeria,DZA,2003,4.4448
Morocco,MAR,2003,4.4737
Guyana,GUY,2003,4.559
Guatemala,GTM,2003,4.579
Micronesia,FSM,2003,4.692200089
Mongolia,MNG,2003,4.8042
Uzbekistan,UZB,2003,5.8046
Solomon Islands,SLB,2003,6.3124
Azerbaijan,AZE,2003,6.325
Melanesia,OWID_MNS,2003,6.5797
Bhutan,BTN,2003,6.6724
Kiribati,KIR,2003,6.697
Nepal,NPL,2003,6.7491
Western Sahara,ESH,2003,6.8145
World,OWID_WRL,2003,6.8775
Papua New Guinea,PNG,2003,7.1884
Bangladesh,BGD,2003,7.2673
Turkmenistan,TKM,2003,7.4729
Sao Tome and Principe,STP,2003,7.5956
Namibia,NAM,2003,7.6194
Myanmar,MMR,2003,7.6698
Eritrea,ERI,2003,7.9144
India,IND,2003,7.9322
South Africa,ZAF,2003,7.9572
Tajikistan,TJK,2003,8.0397
Cambodia,KHM,2003,8.2099
Timor,TLS,2003,8.3506
Madagascar,MDG,2003,8.4434
Gabon,GAB,2003,8.4743
Botswana,BWA,2003,8.6732
Yemen,YEM,2003,9.066
Haiti,HTI,2003,9.1931
Kenya,KEN,2003,9.2454
Ghana,GHA,2003,9.2995
Laos,LAO,2003,9.3133
Sudan,SDN,2003,9.6624
Zimbabwe,ZWE,2003,9.8233
Tanzania,TZA,2003,9.9336
Bolivia,BOL,2003,9.9459
Comoros,COM,2003,9.9538
Gambia,GMB,2003,10.4082
Djibouti,DJI,2003,10.4992
Pakistan,PAK,2003,10.5758
Senegal,SEN,2003,11.0845
Mauritania,MRT,2003,11.1352
Swaziland,SWZ,2003,11.7225
Afghanistan,AFG,2003,11.7565
Lesotho,LSO,2003,11.8168
Ethiopia,ETH,2003,11.899
Togo,TGO,2003,12.0264
Uganda,UGA,2003,12.1763
Zambia,ZMB,2003,12.3016
Congo,COG,2003,12.3886
Cote d'Ivoire,CIV,2003,13.0383
Rwanda,RWA,2003,13.2336
Malawi,MWI,2003,13.288
Benin,BEN,2003,13.3124
Liberia,LBR,2003,13.5072
Cameroon,CMR,2003,13.9254
Equatorial Guinea,GNQ,2003,14.1646
Mozambique,MOZ,2003,14.6901
Burundi,BDI,2003,14.9822
Guinea,GIN,2003,15.642
Somalia,SOM,2003,15.8407
Democratic Republic of Congo,COD,2003,16.0662
South Sudan,SSD,2003,16.2279
Guinea-Bissau,GNB,2003,16.6842
Nigeria,NGA,2003,16.8757
Burkina Faso,BFA,2003,16.9119
Angola,AGO,2003,17.4696
Chad,TCD,2003,18.1704
Central African Republic,CAF,2003,18.397
Niger,NER,2003,19.0935
Mali,MLI,2003,19.1828
Sierra Leone,SLE,2003,21.4197
Singapore,SGP,2004,0.3053
Iceland,ISL,2004,0.3146
Hong Kong,HKG,2004,0.335
Sweden,SWE,2004,0.3693
Finland,FIN,2004,0.3786
Japan,JPN,2004,0.3835
Norway,NOR,2004,0.4175
Czech Republic,CZE,2004,0.4494
Slovenia,SVN,2004,0.4541
Italy,ITA,2004,0.4548
Spain,ESP,2004,0.4657
Germany,DEU,2004,0.4845
Greece,GRC,2004,0.4857
France,FRA,2004,0.4962
Belgium,BEL,2004,0.5066
Austria,AUT,2004,0.5075
Luxembourg,LUX,2004,0.5131
Denmark,DNK,2004,0.5131
Portugal,PRT,2004,0.5181
Switzerland,CHE,2004,0.5284
Netherlands,NLD,2004,0.5575
Ireland,IRL,2004,0.5662
Australia,AUS,2004,0.5736
South Korea,KOR,2004,0.5779
Israel,ISR,2004,0.5807
United Kingdom,GBR,2004,0.6054
Canada,CAN,2004,0.6071
Cyprus,CYP,2004,0.6085
Macao,MAC,2004,0.615
New Zealand,NZL,2004,0.6518
Croatia,HRV,2004,0.7404
Cuba,CUB,2004,0.7416
Taiwan,TWN,2004,0.7431
Poland,POL,2004,0.7589
Malta,MLT,2004,0.7625
Hungary,HUN,2004,0.8003
Estonia,EST,2004,0.8038
Reunion,REU,2004,0.8134
Mayotte,MYT,2004,0.8136
United States,USA,2004,0.8157
Slovakia,SVK,2004,0.8411
Malaysia,MYS,2004,0.8523
Lithuania,LTU,2004,0.8941
Brunei,BRN,2004,0.9044
Guadeloupe,GLP,2004,0.927000046
Puerto Rico,PRI,2004,0.9528
Martinique,MTQ,2004,0.9552
United Arab Emirates,ARE,2004,0.9718
French Polynesia,PYF,2004,1.0027
Chile,CHL,2004,1.0066
Qatar,QAT,2004,1.0709
Belarus,BLR,2004,1.0888
Latvia,LVA,2004,1.1173
Channel Islands,OWID_CIS,2004,1.1254
Bosnia and Herzegovina,BIH,2004,1.1359
Bahrain,BHR,2004,1.1699
Montenegro,MNE,2004,1.2602
Macedonia,MKD,2004,1.2897
Costa Rica,CRI,2004,1.3045
Kuwait,KWT,2004,1.3087
United States Virgin Islands,VIR,2004,1.3098
Seychelles,SYC,2004,1.3115
Bulgaria,BGR,2004,1.4099
Barbados,BRB,2004,1.4113
Antigua and Barbuda,ATG,2004,1.4127
French Guiana,GUF,2004,1.4563
Lebanon,LBN,2004,1.4587
Sri Lanka,LKA,2004,1.4811
Guam,GUM,2004,1.4827
Oman,OMN,2004,1.5469
Grenada,GRD,2004,1.5506
Mauritius,MUS,2004,1.5666
Serbia,SRB,2004,1.623500061
Bahamas,BHS,2004,1.6597
Uruguay,URY,2004,1.6851
Curacao,CUW,2004,1.6963
Argentina,ARG,2004,1.7136
Ukraine,UKR,2004,1.7408
Russia,RUS,2004,1.7562
Saint Lucia,LCA,2004,1.8169
Romania,ROU,2004,1.8189
Thailand,THA,2004,1.8215
Saudi Arabia,SAU,2004,1.8958
Syria,SYR,2004,1.9243
New Caledonia,NCL,2004,1.9431
Aruba,ABW,2004,2.0254
Venezuela,VEN,2004,2.0507
Moldova,MDA,2004,2.1816
Belize,BLZ,2004,2.2083
Polynesia,OWID_PYA,2004,2.2792
Jamaica,JAM,2004,2.3224
Albania,ALB,2004,2.3292
Fiji,FJI,2004,2.3319
Tunisia,TUN,2004,2.352
Mexico,MEX,2004,2.4408
Panama,PAN,2004,2.4531
Jordan,JOR,2004,2.5085
Saint Vincent and the Grenadines,VCT,2004,2.5843
El Salvador,SLV,2004,2.6446
Maldives,MDV,2004,2.6649
China,CHN,2004,2.6837
Iran,IRN,2004,2.7421
Tonga,TON,2004,2.7623
Colombia,COL,2004,2.7998
Armenia,ARM,2004,2.8139
Cape Verde,CPV,2004,2.8475
Palestine,PSE,2004,2.8584
Samoa,WSM,2004,2.9253
Georgia,GEO,2004,2.9273
Turkey,TUR,2004,2.9903
Nicaragua,NIC,2004,3.0739
Libya,LBY,2004,3.0823
Vietnam,VNM,2004,3.1004
Brazil,BRA,2004,3.1144
Suriname,SUR,2004,3.1213
Ecuador,ECU,2004,3.2638
Kazakhstan,KAZ,2004,3.4871
North Korea,PRK,2004,3.5095
Egypt,EGY,2004,3.5194
Trinidad and Tobago,TTO,2004,3.5784
Philippines,PHL,2004,3.5791
Dominican Republic,DOM,2004,3.6511
Peru,PER,2004,3.719
Vanuatu,VUT,2004,3.9744
Iraq,IRQ,2004,4.0345
Kyrgyzstan,KGZ,2004,4.1109
Paraguay,PRY,2004,4.1204
Indonesia,IDN,2004,4.2458
Algeria,DZA,2004,4.3022
Morocco,MAR,2004,4.3465
Honduras,HND,2004,4.378
Guatemala,GTM,2004,4.3974
Guyana,GUY,2004,4.4835
Mongolia,MNG,2004,4.4954
Micronesia,FSM,2004,4.610300064
Uzbekistan,UZB,2004,5.5831
Solomon Islands,SLB,2004,5.9411
Azerbaijan,AZE,2004,5.997
Bhutan,BTN,2004,6.2011
Nepal,NPL,2004,6.3541
Melanesia,OWID_MNS,2004,6.4604
Western Sahara,ESH,2004,6.488
Kiribati,KIR,2004,6.6094
World,OWID_WRL,2004,6.6167
Bangladesh,BGD,2004,6.836
Papua New Guinea,PNG,2004,7.0718
Turkmenistan,TKM,2004,7.2827
Namibia,NAM,2004,7.3652
Sao Tome and Principe,STP,2004,7.4104
Myanmar,MMR,2004,7.4827
Cambodia,KHM,2004,7.4869
Eritrea,ERI,2004,7.5913
India,IND,2004,7.6014
Tajikistan,TJK,2004,7.6661
Timor,TLS,2004,7.8501
South Africa,ZAF,2004,7.915
Madagascar,MDG,2004,7.9869
Botswana,BWA,2004,8.1767
Gabon,GAB,2004,8.2554
Yemen,YEM,2004,8.668
Kenya,KEN,2004,8.847
Laos,LAO,2004,8.9064
Haiti,HTI,2004,9.0237
Ghana,GHA,2004,9.1086
Tanzania,TZA,2004,9.3161
Sudan,SDN,2004,9.3735
Bolivia,BOL,2004,9.6094
Zimbabwe,ZWE,2004,9.6855
Comoros,COM,2004,9.8338
Gambia,GMB,2004,10.0064
Pakistan,PAK,2004,10.359
Djibouti,DJI,2004,10.3615
Senegal,SEN,2004,10.3756
Mauritania,MRT,2004,11.0312
Ethiopia,ETH,2004,11.25
Afghanistan,AFG,2004,11.2841
Togo,TGO,2004,11.5887
Lesotho,LSO,2004,11.6293
Swaziland,SWZ,2004,11.6326
Zambia,ZMB,2004,11.6894
Uganda,UGA,2004,11.7026
Congo,COG,2004,11.8112
Rwanda,RWA,2004,12.454
Liberia,LBR,2004,12.5817
Malawi,MWI,2004,12.6524
Cote d'Ivoire,CIV,2004,12.8205
Benin,BEN,2004,12.9599
Cameroon,CMR,2004,13.4455
Equatorial Guinea,GNQ,2004,13.8167
Mozambique,MOZ,2004,14.0594
Burundi,BDI,2004,14.7256
Guinea,GIN,2004,14.9322
Democratic Republic of Congo,COD,2004,15.4374
Somalia,SOM,2004,15.614
South Sudan,SSD,2004,15.7661
Nigeria,NGA,2004,16.2428
Burkina Faso,BFA,2004,16.2693
Guinea-Bissau,GNB,2004,16.3732
Angola,AGO,2004,16.4871
Chad,TCD,2004,18.0236
Niger,NER,2004,18.1705
Central African Republic,CAF,2004,18.2211
Mali,MLI,2004,18.2825
Sierra Leone,SLE,2004,20.7245
Singapore,SGP,2005,0.2893
Iceland,ISL,2005,0.3051
Hong Kong,HKG,2005,0.3214
Sweden,SWE,2005,0.3578
Finland,FIN,2005,0.3669
Japan,JPN,2005,0.3708
Norway,NOR,2005,0.4038
Czech Republic,CZE,2005,0.4277
Slovenia,SVN,2005,0.4369
Italy,ITA,2005,0.4372
Spain,ESP,2005,0.4492
Greece,GRC,2005,0.4595
Luxembourg,LUX,2005,0.4656
Germany,DEU,2005,0.4725
France,FRA,2005,0.4831
Portugal,PRT,2005,0.4835
Denmark,DNK,2005,0.4933
Austria,AUT,2005,0.4947
Belgium,BEL,2005,0.4956
Switzerland,CHE,2005,0.5174
Ireland,IRL,2005,0.532
South Korea,KOR,2005,0.5386
Netherlands,NLD,2005,0.5399
Israel,ISR,2005,0.5563
Australia,AUS,2005,0.5591
Cyprus,CYP,2005,0.5784
Macao,MAC,2005,0.5851
United Kingdom,GBR,2005,0.5943
Canada,CAN,2005,0.6021
New Zealand,NZL,2005,0.6402
Taiwan,TWN,2005,0.7149
Poland,POL,2005,0.7259
Cuba,CUB,2005,0.7259
Croatia,HRV,2005,0.7285
Estonia,EST,2005,0.7325
Malta,MLT,2005,0.7377
Hungary,HUN,2005,0.7592
Reunion,REU,2005,0.7634
Mayotte,MYT,2005,0.7636
United States,USA,2005,0.8101
Slovakia,SVK,2005,0.8131
Lithuania,LTU,2005,0.8426
Malaysia,MYS,2005,0.8431
Brunei,BRN,2005,0.8619
Guadeloupe,GLP,2005,0.882600021
United Arab Emirates,ARE,2005,0.9166
Martinique,MTQ,2005,0.9311
Puerto Rico,PRI,2005,0.932
Chile,CHL,2005,0.9862
Belarus,BLR,2005,0.996
French Polynesia,PYF,2005,0.9967
Qatar,QAT,2005,1.0278
Latvia,LVA,2005,1.0441
Channel Islands,OWID_CIS,2005,1.0881
Bosnia and Herzegovina,BIH,2005,1.121
Bahrain,BHR,2005,1.1308
Macedonia,MKD,2005,1.2514
Montenegro,MNE,2005,1.2526
Costa Rica,CRI,2005,1.2804
United States Virgin Islands,VIR,2005,1.2868
Kuwait,KWT,2005,1.293
Seychelles,SYC,2005,1.2978
Bulgaria,BGR,2005,1.3283
Antigua and Barbuda,ATG,2005,1.358
Barbados,BRB,2005,1.375
Lebanon,LBN,2005,1.3797
French Guiana,GUF,2005,1.3845
Sri Lanka,LKA,2005,1.3879
Oman,OMN,2005,1.4202
Guam,GUM,2005,1.4287
Grenada,GRD,2005,1.5032
Mauritius,MUS,2005,1.5326
Serbia,SRB,2005,1.581799984
Bahamas,BHS,2005,1.6034
Russia,RUS,2005,1.6228
Curacao,CUW,2005,1.6584
Uruguay,URY,2005,1.6621
Ukraine,UKR,2005,1.6786
Argentina,ARG,2005,1.6862
Romania,ROU,2005,1.703
Thailand,THA,2005,1.7402
Saint Lucia,LCA,2005,1.7574
Saudi Arabia,SAU,2005,1.8303
Syria,SYR,2005,1.8524
New Caledonia,NCL,2005,1.8852
Venezuela,VEN,2005,1.9868
Aruba,ABW,2005,1.9886
Moldova,MDA,2005,2.0898
Belize,BLZ,2005,2.1456
Albania,ALB,2005,2.1931
Polynesia,OWID_PYA,2005,2.2227
Tunisia,TUN,2005,2.2419
Jamaica,JAM,2005,2.2672
Fiji,FJI,2005,2.2992
Maldives,MDV,2005,2.3364
Panama,PAN,2005,2.3716
Mexico,MEX,2005,2.4203
Jordan,JOR,2005,2.4404
China,CHN,2005,2.4557
Saint Vincent and the Grenadines,VCT,2005,2.5268
El Salvador,SLV,2005,2.57
Iran,IRN,2005,2.5799
Armenia,ARM,2005,2.677
Tonga,TON,2005,2.7251
Georgia,GEO,2005,2.7424
Colombia,COL,2005,2.7553
Turkey,TUR,2005,2.7632
Cape Verde,CPV,2005,2.7727
Palestine,PSE,2005,2.7955
Samoa,WSM,2005,2.8139
Brazil,BRA,2005,2.9271
Nicaragua,NIC,2005,2.9931
Vietnam,VNM,2005,3.01
Libya,LBY,2005,3.0174
Suriname,SUR,2005,3.0677
Ecuador,ECU,2005,3.1374
Kazakhstan,KAZ,2005,3.2384
North Korea,PRK,2005,3.308
Egypt,EGY,2005,3.371
Philippines,PHL,2005,3.4927
Trinidad and Tobago,TTO,2005,3.5272
Dominican Republic,DOM,2005,3.5333
Peru,PER,2005,3.5414
Vanuatu,VUT,2005,3.811
Kyrgyzstan,KGZ,2005,3.9099
Iraq,IRQ,2005,3.975
Paraguay,PRY,2005,4.0335
Indonesia,IDN,2005,4.0605
Algeria,DZA,2005,4.1599
Mongolia,MNG,2005,4.223
Guatemala,GTM,2005,4.2264
Morocco,MAR,2005,4.2311
Honduras,HND,2005,4.3351
Guyana,GUY,2005,4.418
Micronesia,FSM,2005,4.526100159
Uzbekistan,UZB,2005,5.3567
Solomon Islands,SLB,2005,5.5928
Azerbaijan,AZE,2005,5.6559
Bhutan,BTN,2005,5.7883
Nepal,NPL,2005,5.9867
Western Sahara,ESH,2005,6.1737
Melanesia,OWID_MNS,2005,6.3476
World,OWID_WRL,2005,6.3613
Bangladesh,BGD,2005,6.4326
Kiribati,KIR,2005,6.5355
Cambodia,KHM,2005,6.8161
Papua New Guinea,PNG,2005,6.9613
Namibia,NAM,2005,7.0485
Turkmenistan,TKM,2005,7.0782
Sao Tome and Principe,STP,2005,7.2147
Tajikistan,TJK,2005,7.2746
India,IND,2005,7.2793
Myanmar,MMR,2005,7.2993
Eritrea,ERI,2005,7.3146
Timor,TLS,2005,7.3914
Madagascar,MDG,2005,7.5751
Botswana,BWA,2005,7.6343
South Africa,ZAF,2005,7.786
Gabon,GAB,2005,7.9887
Yemen,YEM,2005,8.2482
Kenya,KEN,2005,8.423
Laos,LAO,2005,8.5089
Tanzania,TZA,2005,8.775
Haiti,HTI,2005,8.8772
Ghana,GHA,2005,8.9105
Sudan,SDN,2005,9.0889
Bolivia,BOL,2005,9.2826
Zimbabwe,ZWE,2005,9.4652
Gambia,GMB,2005,9.6211
Senegal,SEN,2005,9.6653
Comoros,COM,2005,9.6747
Pakistan,PAK,2005,10.1491
Djibouti,DJI,2005,10.2062
Ethiopia,ETH,2005,10.6138
Afghanistan,AFG,2005,10.8162
Mauritania,MRT,2005,10.8917
Togo,TGO,2005,11.1042
Zambia,ZMB,2005,11.1242
Congo,COG,2005,11.1487
Uganda,UGA,2005,11.2801
Lesotho,LSO,2005,11.3372
Swaziland,SWZ,2005,11.4365
Rwanda,RWA,2005,11.5581
Liberia,LBR,2005,11.7349
Malawi,MWI,2005,12.0243
Cote d'Ivoire,CIV,2005,12.597
Benin,BEN,2005,12.6132
Cameroon,CMR,2005,13.0091
Mozambique,MOZ,2005,13.4702
Equatorial Guinea,GNQ,2005,13.4721
Guinea,GIN,2005,14.2025
Burundi,BDI,2005,14.4583
Democratic Republic of Congo,COD,2005,14.8305
South Sudan,SSD,2005,15.311
Somalia,SOM,2005,15.37
Angola,AGO,2005,15.5394
Burkina Faso,BFA,2005,15.5522
Nigeria,NGA,2005,15.6317
Guinea-Bissau,GNB,2005,16.0468
Niger,NER,2005,17.2579
Mali,MLI,2005,17.3897
Chad,TCD,2005,17.8385
Central African Republic,CAF,2005,17.9997
Sierra Leone,SLE,2005,19.9857
Singapore,SGP,2006,0.2794
Iceland,ISL,2006,0.2974
Hong Kong,HKG,2006,0.3098
Sweden,SWE,2006,0.3454
Finland,FIN,2006,0.3556
Japan,JPN,2006,0.3598
Norway,NOR,2006,0.3892
Czech Republic,CZE,2006,0.4072
Luxembourg,LUX,2006,0.4189
Slovenia,SVN,2006,0.4195
Italy,ITA,2006,0.4225
Spain,ESP,2006,0.4336
Greece,GRC,2006,0.4396
Portugal,PRT,2006,0.4544
Germany,DEU,2006,0.4616
France,FRA,2006,0.4693
Denmark,DNK,2006,0.4737
Austria,AUT,2006,0.4808
Belgium,BEL,2006,0.4852
Ireland,IRL,2006,0.5004
South Korea,KOR,2006,0.5026
Switzerland,CHE,2006,0.5054
Netherlands,NLD,2006,0.5217
Israel,ISR,2006,0.533
Australia,AUS,2006,0.5449
Cyprus,CYP,2006,0.553
Macao,MAC,2006,0.5565
United Kingdom,GBR,2006,0.5819
Canada,CAN,2006,0.596
New Zealand,NZL,2006,0.6283
Estonia,EST,2006,0.6718
Taiwan,TWN,2006,0.6882
Poland,POL,2006,0.6956
Croatia,HRV,2006,0.7103
Malta,MLT,2006,0.7137
Reunion,REU,2006,0.7161
Mayotte,MYT,2006,0.7162
Cuba,CUB,2006,0.7167
Hungary,HUN,2006,0.7211
Slovakia,SVK,2006,0.7879
Lithuania,LTU,2006,0.794
United States,USA,2006,0.8028
Brunei,BRN,2006,0.8268
Malaysia,MYS,2006,0.8405
Guadeloupe,GLP,2006,0.841100025
United Arab Emirates,ARE,2006,0.8684
Martinique,MTQ,2006,0.9102
Belarus,BLR,2006,0.9123
Puerto Rico,PRI,2006,0.9162
Chile,CHL,2006,0.9706
French Polynesia,PYF,2006,0.9825
Latvia,LVA,2006,0.9885
Qatar,QAT,2006,0.9902
Channel Islands,OWID_CIS,2006,1.054
Bahrain,BHR,2006,1.0934
Bosnia and Herzegovina,BIH,2006,1.0995
Macedonia,MKD,2006,1.2212
Montenegro,MNE,2006,1.2244
Bulgaria,BGR,2006,1.2549
Costa Rica,CRI,2006,1.2577
United States Virgin Islands,VIR,2006,1.2634
Kuwait,KWT,2006,1.2742
Seychelles,SYC,2006,1.2887
Sri Lanka,LKA,2006,1.2993
Antigua and Barbuda,ATG,2006,1.3094
Lebanon,LBN,2006,1.3111
Oman,OMN,2006,1.3152
French Guiana,GUF,2006,1.3176
Barbados,BRB,2006,1.3364
Guam,GUM,2006,1.3794
Grenada,GRD,2006,1.459
Russia,RUS,2006,1.4984
Mauritius,MUS,2006,1.5162
Serbia,SRB,2006,1.536499977
Bahamas,BHS,2006,1.5548
Romania,ROU,2006,1.5878
Ukraine,UKR,2006,1.6098
Curacao,CUW,2006,1.6132
Uruguay,URY,2006,1.6377
Thailand,THA,2006,1.6641
Argentina,ARG,2006,1.6782
Saint Lucia,LCA,2006,1.6993
Saudi Arabia,SAU,2006,1.7799
Syria,SYR,2006,1.8046
New Caledonia,NCL,2006,1.8294
Venezuela,VEN,2006,1.9275
Aruba,ABW,2006,1.9492
Moldova,MDA,2006,2.0121
Maldives,MDV,2006,2.0542
Albania,ALB,2006,2.0641
Belize,BLZ,2006,2.0818
Tunisia,TUN,2006,2.1534
Polynesia,OWID_PYA,2006,2.1639
Jamaica,JAM,2006,2.208
China,CHN,2006,2.2443
Fiji,FJI,2006,2.272
Panama,PAN,2006,2.296
Jordan,JOR,2006,2.3741
Mexico,MEX,2006,2.4196
Iran,IRN,2006,2.4291
Saint Vincent and the Grenadines,VCT,2006,2.4598
El Salvador,SLV,2006,2.4958
Armenia,ARM,2006,2.541
Georgia,GEO,2006,2.5459
Turkey,TUR,2006,2.5615
Tonga,TON,2006,2.6883
Samoa,WSM,2006,2.7031
Colombia,COL,2006,2.7196
Palestine,PSE,2006,2.7324
Brazil,BRA,2006,2.738
Cape Verde,CPV,2006,2.7428
Vietnam,VNM,2006,2.9232
Nicaragua,NIC,2006,2.9243
Libya,LBY,2006,2.963
Kazakhstan,KAZ,2006,3.0074
Suriname,SUR,2006,3.0091
Ecuador,ECU,2006,3.024
Egypt,EGY,2006,3.2182
North Korea,PRK,2006,3.2461
Peru,PER,2006,3.4015
Philippines,PHL,2006,3.4083
Dominican Republic,DOM,2006,3.4236
Trinidad and Tobago,TTO,2006,3.4669
Vanuatu,VUT,2006,3.6589
Kyrgyzstan,KGZ,2006,3.7106
Indonesia,IDN,2006,3.8868
Iraq,IRQ,2006,3.9318
Paraguay,PRY,2006,3.951
Mongolia,MNG,2006,3.9824
Algeria,DZA,2006,4.0186
Guatemala,GTM,2006,4.0665
Morocco,MAR,2006,4.1217
Honduras,HND,2006,4.2972
Guyana,GUY,2006,4.3625
Micronesia,FSM,2006,4.443500137
Uzbekistan,UZB,2006,5.1229
Solomon Islands,SLB,2006,5.2671
Azerbaijan,AZE,2006,5.3082
Bhutan,BTN,2006,5.4285
Nepal,NPL,2006,5.6474
Western Sahara,ESH,2006,5.8703
Bangladesh,BGD,2006,6.0552
World,OWID_WRL,2006,6.1138
Cambodia,KHM,2006,6.2066
Melanesia,OWID_MNS,2006,6.242
Kiribati,KIR,2006,6.4717
Namibia,NAM,2006,6.6846
Papua New Guinea,PNG,2006,6.858
Turkmenistan,TKM,2006,6.8616
Tajikistan,TJK,2006,6.8751
India,IND,2006,6.9663
Timor,TLS,2006,6.9848
Sao Tome and Principe,STP,2006,7.0215
Eritrea,ERI,2006,7.076
Botswana,BWA,2006,7.0765
Myanmar,MMR,2006,7.1115
Madagascar,MDG,2006,7.2057
South Africa,ZAF,2006,7.5573
Gabon,GAB,2006,7.6852
Yemen,YEM,2006,7.831
Kenya,KEN,2006,7.9826
Laos,LAO,2006,8.1245
Tanzania,TZA,2006,8.3092
Ghana,GHA,2006,8.6938
Haiti,HTI,2006,8.744
Sudan,SDN,2006,8.8126
Bolivia,BOL,2006,8.9683
Senegal,SEN,2006,8.971
Zimbabwe,ZWE,2006,9.1683
Gambia,GMB,2006,9.2562
Comoros,COM,2006,9.4741
Pakistan,PAK,2006,9.9434
Ethiopia,ETH,2006,9.9952
Djibouti,DJI,2006,10.0236
Afghanistan,AFG,2006,10.3635
Congo,COG,2006,10.4355
Rwanda,RWA,2006,10.571
Togo,TGO,2006,10.603
Zambia,ZMB,2006,10.6075
Mauritania,MRT,2006,10.7153
Uganda,UGA,2006,10.9076
Lesotho,LSO,2006,10.956
Liberia,LBR,2006,10.9808
Swaziland,SWZ,2006,11.1268
Malawi,MWI,2006,11.4152
Benin,BEN,2006,12.2781
Cote d'Ivoire,CIV,2006,12.3566
Cameroon,CMR,2006,12.6169
Mozambique,MOZ,2006,12.9219
Equatorial Guinea,GNQ,2006,13.1274
Guinea,GIN,2006,13.4844
Burundi,BDI,2006,14.1783
Democratic Republic of Congo,COD,2006,14.2604
Angola,AGO,2006,14.6327
Burkina Faso,BFA,2006,14.7727
South Sudan,SSD,2006,14.8637
Nigeria,NGA,2006,15.0558
Somalia,SOM,2006,15.1035
Guinea-Bissau,GNB,2006,15.7065
Niger,NER,2006,16.3671
Mali,MLI,2006,16.5304
Chad,TCD,2006,17.5938
Central African Republic,CAF,2006,17.7273
Sierra Leone,SLE,2006,19.1872
Singapore,SGP,2007,0.2735
Iceland,ISL,2007,0.2894
Hong Kong,HKG,2007,0.2995
Sweden,SWE,2007,0.3334
Finland,FIN,2007,0.3448
Japan,JPN,2007,0.35
Norway,NOR,2007,0.3744
Luxembourg,LUX,2007,0.3804
Czech Republic,CZE,2007,0.3884
Slovenia,SVN,2007,0.4021
Italy,ITA,2007,0.4102
Spain,ESP,2007,0.4189
Greece,GRC,2007,0.425
Portugal,PRT,2007,0.431
Germany,DEU,2007,0.4522
France,FRA,2007,0.4559
Denmark,DNK,2007,0.456
Austria,AUT,2007,0.4672
South Korea,KOR,2007,0.471
Ireland,IRL,2007,0.4732
Belgium,BEL,2007,0.4758
Switzerland,CHE,2007,0.4936
Netherlands,NLD,2007,0.5037
Israel,ISR,2007,0.5114
Macao,MAC,2007,0.5293
Australia,AUS,2007,0.5311
Cyprus,CYP,2007,0.533
United Kingdom,GBR,2007,0.5679
Canada,CAN,2007,0.5888
New Zealand,NZL,2007,0.6154
Estonia,EST,2007,0.6192
Taiwan,TWN,2007,0.6622
Poland,POL,2007,0.6674
Reunion,REU,2007,0.6714
Mayotte,MYT,2007,0.6715
Croatia,HRV,2007,0.6863
Hungary,HUN,2007,0.6868
Malta,MLT,2007,0.6905
Cuba,CUB,2007,0.7119
Lithuania,LTU,2007,0.7478
Slovakia,SVK,2007,0.7654
United States,USA,2007,0.7934
Brunei,BRN,2007,0.8006
Guadeloupe,GLP,2007,0.802799988
United Arab Emirates,ARE,2007,0.828
Belarus,BLR,2007,0.8334
Malaysia,MYS,2007,0.8411
Martinique,MTQ,2007,0.8901
Puerto Rico,PRI,2007,0.8996
Latvia,LVA,2007,0.9449
Chile,CHL,2007,0.9579
Qatar,QAT,2007,0.9584
French Polynesia,PYF,2007,0.9612
Channel Islands,OWID_CIS,2007,1.0233
Bahrain,BHR,2007,1.0573
Bosnia and Herzegovina,BIH,2007,1.0738
Montenegro,MNE,2007,1.1771
Bulgaria,BGR,2007,1.1905
Macedonia,MKD,2007,1.1939
Sri Lanka,LKA,2007,1.2189
Oman,OMN,2007,1.2344
Costa Rica,CRI,2007,1.2362
United States Virgin Islands,VIR,2007,1.2388
Kuwait,KWT,2007,1.2515
Lebanon,LBN,2007,1.2522
French Guiana,GUF,2007,1.257
Antigua and Barbuda,ATG,2007,1.2679
Seychelles,SYC,2007,1.2844
Barbados,BRB,2007,1.297
Guam,GUM,2007,1.333
Russia,RUS,2007,1.3857
Grenada,GRD,2007,1.4204
Romania,ROU,2007,1.4767
Serbia,SRB,2007,1.486400032
Mauritius,MUS,2007,1.5084
Bahamas,BHS,2007,1.5119
Ukraine,UKR,2007,1.5329
Curacao,CUW,2007,1.5607
Thailand,THA,2007,1.5939
Uruguay,URY,2007,1.614
Saint Lucia,LCA,2007,1.6465
Argentina,ARG,2007,1.6791
Saudi Arabia,SAU,2007,1.7391
New Caledonia,NCL,2007,1.7754
Syria,SYR,2007,1.7869
Maldives,MDV,2007,1.8131
Venezuela,VEN,2007,1.8713
Aruba,ABW,2007,1.909
Moldova,MDA,2007,1.9446
Albania,ALB,2007,1.9491
Belize,BLZ,2007,2.0176
China,CHN,2007,2.0503
Tunisia,TUN,2007,2.0877
Polynesia,OWID_PYA,2007,2.1037
Jamaica,JAM,2007,2.1451
Panama,PAN,2007,2.2272
Fiji,FJI,2007,2.2449
Iran,IRN,2007,2.2898
Jordan,JOR,2007,2.3093
Georgia,GEO,2007,2.3408
Turkey,TUR,2007,2.3879
Saint Vincent and the Grenadines,VCT,2007,2.3897
Armenia,ARM,2007,2.4017
El Salvador,SLV,2007,2.421
Mexico,MEX,2007,2.4266
Brazil,BRA,2007,2.555
Samoa,WSM,2007,2.5956
Tonga,TON,2007,2.6518
Palestine,PSE,2007,2.67
Colombia,COL,2007,2.6899
Cape Verde,CPV,2007,2.7382
Kazakhstan,KAZ,2007,2.7862
Vietnam,VNM,2007,2.8398
Nicaragua,NIC,2007,2.8578
Libya,LBY,2007,2.9228
Ecuador,ECU,2007,2.9232
Suriname,SUR,2007,2.9385
Egypt,EGY,2007,3.0693
North Korea,PRK,2007,3.2318
Peru,PER,2007,3.2911
Dominican Republic,DOM,2007,3.3195
Philippines,PHL,2007,3.3262
Trinidad and Tobago,TTO,2007,3.4027
Kyrgyzstan,KGZ,2007,3.5042
Vanuatu,VUT,2007,3.5175
Indonesia,IDN,2007,3.7246
Mongolia,MNG,2007,3.7647
Paraguay,PRY,2007,3.8705
Algeria,DZA,2007,3.8797
Iraq,IRQ,2007,3.9011
Guatemala,GTM,2007,3.9182
Morocco,MAR,2007,4.0125
Honduras,HND,2007,4.2625
Guyana,GUY,2007,4.3155
Micronesia,FSM,2007,4.366500092
Uzbekistan,UZB,2007,4.8811
Solomon Islands,SLB,2007,4.9619
Azerbaijan,AZE,2007,4.9667
Bhutan,BTN,2007,5.1069
Nepal,NPL,2007,5.3349
Western Sahara,ESH,2007,5.5765
Cambodia,KHM,2007,5.6495
Bangladesh,BGD,2007,5.7004
World,OWID_WRL,2007,5.8754
Melanesia,OWID_MNS,2007,6.1431
Namibia,NAM,2007,6.2993
Kiribati,KIR,2007,6.4136
Tajikistan,TJK,2007,6.4828
Botswana,BWA,2007,6.5309
Timor,TLS,2007,6.6383
Turkmenistan,TKM,2007,6.64
India,IND,2007,6.6629
Papua New Guinea,PNG,2007,6.762
Sao Tome and Principe,STP,2007,6.8435
Eritrea,ERI,2007,6.8635
Madagascar,MDG,2007,6.8721
Myanmar,MMR,2007,6.9141
South Africa,ZAF,2007,7.237
Gabon,GAB,2007,7.3634
Yemen,YEM,2007,7.4418
Kenya,KEN,2007,7.538
Laos,LAO,2007,7.756
Tanzania,TZA,2007,7.9014
Senegal,SEN,2007,8.3023
Ghana,GHA,2007,8.4519
Sudan,SDN,2007,8.5489
Haiti,HTI,2007,8.6138
Bolivia,BOL,2007,8.6675
Zimbabwe,ZWE,2007,8.8163
Gambia,GMB,2007,8.9148
Comoros,COM,2007,9.2413
Ethiopia,ETH,2007,9.4001
Rwanda,RWA,2007,9.6059
Congo,COG,2007,9.7131
Pakistan,PAK,2007,9.7397
Djibouti,DJI,2007,9.8111
Afghanistan,AFG,2007,9.9348
Togo,TGO,2007,10.1194
Zambia,ZMB,2007,10.1289
Liberia,LBR,2007,10.3159
Mauritania,MRT,2007,10.5108
Lesotho,LSO,2007,10.5164
Uganda,UGA,2007,10.5732
Swaziland,SWZ,2007,10.7169
Malawi,MWI,2007,10.8382
Benin,BEN,2007,11.9591
Cote d'Ivoire,CIV,2007,12.0889
Cameroon,CMR,2007,12.2531
Mozambique,MOZ,2007,12.4121
Equatorial Guinea,GNQ,2007,12.7809
Guinea,GIN,2007,12.808
Democratic Republic of Congo,COD,2007,13.7268
Angola,AGO,2007,13.7659
Burundi,BDI,2007,13.8926
Burkina Faso,BFA,2007,13.9581
South Sudan,SSD,2007,14.4263
Nigeria,NGA,2007,14.5182
Somalia,SOM,2007,14.8227
Guinea-Bissau,GNB,2007,15.3584
Niger,NER,2007,15.5128
Mali,MLI,2007,15.7206
Chad,TCD,2007,17.2823
Central African Republic,CAF,2007,17.4053
Sierra Leone,SLE,2007,18.3297
Singapore,SGP,2008,0.2695
Iceland,ISL,2008,0.2798
Hong Kong,HKG,2008,0.29
Sweden,SWE,2008,0.3225
Finland,FIN,2008,0.3344
Japan,JPN,2008,0.3411
Luxembourg,LUX,2008,0.3552
Norway,NOR,2008,0.3597
Czech Republic,CZE,2008,0.3713
Slovenia,SVN,2008,0.3852
Italy,ITA,2008,0.3996
Spain,ESP,2008,0.4049
Portugal,PRT,2008,0.4129
Greece,GRC,2008,0.4144
Denmark,DNK,2008,0.4415
France,FRA,2008,0.4438
Germany,DEU,2008,0.444
South Korea,KOR,2008,0.4444
Ireland,IRL,2008,0.4512
Austria,AUT,2008,0.4545
Belgium,BEL,2008,0.467
Switzerland,CHE,2008,0.4824
Netherlands,NLD,2008,0.4865
Israel,ISR,2008,0.492
Macao,MAC,2008,0.5037
Australia,AUS,2008,0.5177
Cyprus,CYP,2008,0.5185
United Kingdom,GBR,2008,0.5522
Estonia,EST,2008,0.5727
Canada,CAN,2008,0.5809
New Zealand,NZL,2008,0.601
Reunion,REU,2008,0.6295
Mayotte,MYT,2008,0.6295
Taiwan,TWN,2008,0.6362
Poland,POL,2008,0.6408
Hungary,HUN,2008,0.6566
Croatia,HRV,2008,0.6576
Malta,MLT,2008,0.6681
Lithuania,LTU,2008,0.7039
Cuba,CUB,2008,0.7093
Slovakia,SVK,2008,0.7455
Belarus,BLR,2008,0.7565
Guadeloupe,GLP,2008,0.767500019
United States,USA,2008,0.7815
Brunei,BRN,2008,0.7834
United Arab Emirates,ARE,2008,0.7955
Malaysia,MYS,2008,0.8418
Martinique,MTQ,2008,0.8688
Puerto Rico,PRI,2008,0.878
Latvia,LVA,2008,0.9078
Qatar,QAT,2008,0.932
French Polynesia,PYF,2008,0.9342
Chile,CHL,2008,0.9465
Channel Islands,OWID_CIS,2008,0.996
Bahrain,BHR,2008,1.0225
Bosnia and Herzegovina,BIH,2008,1.046
Montenegro,MNE,2008,1.1139
Bulgaria,BGR,2008,1.1352
Sri Lanka,LKA,2008,1.1489
Macedonia,MKD,2008,1.1656
Oman,OMN,2008,1.1771
Lebanon,LBN,2008,1.2024
French Guiana,GUF,2008,1.2038
United States Virgin Islands,VIR,2008,1.2124
Costa Rica,CRI,2008,1.2158
Kuwait,KWT,2008,1.225
Antigua and Barbuda,ATG,2008,1.2332
Barbados,BRB,2008,1.2583
Seychelles,SYC,2008,1.2839
Russia,RUS,2008,1.2866
Guam,GUM,2008,1.2884
Romania,ROU,2008,1.3727
Grenada,GRD,2008,1.3885
Serbia,SRB,2008,1.431599998
Ukraine,UKR,2008,1.4481
Bahamas,BHS,2008,1.473
Mauritius,MUS,2008,1.5014
Curacao,CUW,2008,1.5022
Thailand,THA,2008,1.5297
Uruguay,URY,2008,1.5925
Saint Lucia,LCA,2008,1.6013
Maldives,MDV,2008,1.6071
Argentina,ARG,2008,1.6796
Saudi Arabia,SAU,2008,1.7025
New Caledonia,NCL,2008,1.7231
Syria,SYR,2008,1.7999
Venezuela,VEN,2008,1.8169
Albania,ALB,2008,1.8525
Aruba,ABW,2008,1.8696
China,CHN,2008,1.8748
Moldova,MDA,2008,1.8838
Belize,BLZ,2008,1.9536
Polynesia,OWID_PYA,2008,2.0432
Tunisia,TUN,2008,2.0437
Jamaica,JAM,2008,2.0794
Georgia,GEO,2008,2.1321
Iran,IRN,2008,2.1618
Panama,PAN,2008,2.1653
Fiji,FJI,2008,2.2137
Turkey,TUR,2008,2.2423
Jordan,JOR,2008,2.2459
Armenia,ARM,2008,2.2573
Saint Vincent and the Grenadines,VCT,2008,2.3219
El Salvador,SLV,2008,2.3448
Brazil,BRA,2008,2.3849
Mexico,MEX,2008,2.4309
Samoa,WSM,2008,2.4937
Kazakhstan,KAZ,2008,2.5705
Palestine,PSE,2008,2.6087
Tonga,TON,2008,2.6155
Colombia,COL,2008,2.6628
Cape Verde,CPV,2008,2.741
Vietnam,VNM,2008,2.7593
Nicaragua,NIC,2008,2.786
Ecuador,ECU,2008,2.8339
Suriname,SUR,2008,2.8521
Libya,LBY,2008,2.8974
Egypt,EGY,2008,2.93
North Korea,PRK,2008,3.1928
Peru,PER,2008,3.2012
Dominican Republic,DOM,2008,3.2192
Philippines,PHL,2008,3.2464
Kyrgyzstan,KGZ,2008,3.2869
Trinidad and Tobago,TTO,2008,3.339
Vanuatu,VUT,2008,3.3857
Mongolia,MNG,2008,3.5625
Indonesia,IDN,2008,3.5736
Algeria,DZA,2008,3.7444
Guatemala,GTM,2008,3.7808
Paraguay,PRY,2008,3.7908
Iraq,IRQ,2008,3.8779
Morocco,MAR,2008,3.8986
Honduras,HND,2008,4.2283
Guyana,GUY,2008,4.2746
Micronesia,FSM,2008,4.297200012
Uzbekistan,UZB,2008,4.6341
Azerbaijan,AZE,2008,4.6435
Solomon Islands,SLB,2008,4.6757
Bhutan,BTN,2008,4.8109
Nepal,NPL,2008,5.0471
Cambodia,KHM,2008,5.1381
Western Sahara,ESH,2008,5.2922
Bangladesh,BGD,2008,5.3655
World,OWID_WRL,2008,5.6477
Namibia,NAM,2008,5.9172
Botswana,BWA,2008,6.0216
Melanesia,OWID_MNS,2008,6.0499
Tajikistan,TJK,2008,6.1113
Timor,TLS,2008,6.3523
Kiribati,KIR,2008,6.3564
India,IND,2008,6.3702
Turkmenistan,TKM,2008,6.4209
Madagascar,MDG,2008,6.5671
Eritrea,ERI,2008,6.6648
Papua New Guinea,PNG,2008,6.6724
Sao Tome and Principe,STP,2008,6.6897
Myanmar,MMR,2008,6.7057
South Africa,ZAF,2008,6.8426
Gabon,GAB,2008,7.0407
Yemen,YEM,2008,7.0999
Kenya,KEN,2008,7.1024
Laos,LAO,2008,7.4057
Tanzania,TZA,2008,7.5364
Senegal,SEN,2008,7.6698
Ghana,GHA,2008,8.1837
Sudan,SDN,2008,8.3013
Bolivia,BOL,2008,8.3803
Zimbabwe,ZWE,2008,8.4326
Haiti,HTI,2008,8.4783
Gambia,GMB,2008,8.5993
Rwanda,RWA,2008,8.7488
Ethiopia,ETH,2008,8.8348
Comoros,COM,2008,8.987
Congo,COG,2008,9.0196
Afghanistan,AFG,2008,9.5362
Pakistan,PAK,2008,9.5368
Djibouti,DJI,2008,9.5711
Zambia,ZMB,2008,9.6799
Togo,TGO,2008,9.681
Liberia,LBR,2008,9.733
Lesotho,LSO,2008,10.0491
Swaziland,SWZ,2008,10.2276
Uganda,UGA,2008,10.2665
Mauritania,MRT,2008,10.2885
Malawi,MWI,2008,10.3041
Benin,BEN,2008,11.6594
Cote d'Ivoire,CIV,2008,11.7879
Cameroon,CMR,2008,11.9039
Mozambique,MOZ,2008,11.9392
Guinea,GIN,2008,12.1945
Equatorial Guinea,GNQ,2008,12.4322
Angola,AGO,2008,12.9428
Burkina Faso,BFA,2008,13.1388
Democratic Republic of Congo,COD,2008,13.2297
Burundi,BDI,2008,13.6063
South Sudan,SSD,2008,14.0002
Nigeria,NGA,2008,14.0193
Somalia,SOM,2008,14.5339
Niger,NER,2008,14.7091
Mali,MLI,2008,14.9727
Guinea-Bissau,GNB,2008,15.0077
Chad,TCD,2008,16.9052
Central African Republic,CAF,2008,17.0389
Sierra Leone,SLE,2008,17.426
Singapore,SGP,2009,0.2665
Iceland,ISL,2009,0.2681
Hong Kong,HKG,2009,0.281
Sweden,SWE,2009,0.3129
Finland,FIN,2009,0.3242
Japan,JPN,2009,0.3328
Luxembourg,LUX,2009,0.3442
Norway,NOR,2009,0.3452
Czech Republic,CZE,2009,0.3558
Slovenia,SVN,2009,0.3689
Italy,ITA,2009,0.3901
Spain,ESP,2009,0.3916
Portugal,PRT,2009,0.3988
Greece,GRC,2009,0.4069
South Korea,KOR,2009,0.4223
Denmark,DNK,2009,0.4302
France,FRA,2009,0.4331
Ireland,IRL,2009,0.4342
Germany,DEU,2009,0.4363
Austria,AUT,2009,0.4425
Belgium,BEL,2009,0.4585
Netherlands,NLD,2009,0.4701
Switzerland,CHE,2009,0.4721
Israel,ISR,2009,0.4747
Macao,MAC,2009,0.4798
Australia,AUS,2009,0.5047
Cyprus,CYP,2009,0.5089
Estonia,EST,2009,0.5313
United Kingdom,GBR,2009,0.5353
Canada,CAN,2009,0.5723
New Zealand,NZL,2009,0.5853
Reunion,REU,2009,0.5903
Mayotte,MYT,2009,0.5903
Taiwan,TWN,2009,0.6106
Poland,POL,2009,0.615
Croatia,HRV,2009,0.625
Hungary,HUN,2009,0.6305
Malta,MLT,2009,0.6463
Lithuania,LTU,2009,0.6623
Belarus,BLR,2009,0.6824
Cuba,CUB,2009,0.7072
Slovakia,SVK,2009,0.7279
Guadeloupe,GLP,2009,0.735300016
United States,USA,2009,0.767
United Arab Emirates,ARE,2009,0.7702
Brunei,BRN,2009,0.7741
Malaysia,MYS,2009,0.8403
Martinique,MTQ,2009,0.8452
Puerto Rico,PRI,2009,0.8505
Latvia,LVA,2009,0.8751
French Polynesia,PYF,2009,0.9016
Qatar,QAT,2009,0.9103
Chile,CHL,2009,0.9349
Channel Islands,OWID_CIS,2009,0.9722
Bahrain,BHR,2009,0.9886
Bosnia and Herzegovina,BIH,2009,1.0161
Montenegro,MNE,2009,1.0371
Bulgaria,BGR,2009,1.0891
Sri Lanka,LKA,2009,1.0899
Macedonia,MKD,2009,1.1338
Oman,OMN,2009,1.1406
French Guiana,GUF,2009,1.1586
Lebanon,LBN,2009,1.1605
United States Virgin Islands,VIR,2009,1.184
Kuwait,KWT,2009,1.1946
Costa Rica,CRI,2009,1.1963
Russia,RUS,2009,1.2026
Antigua and Barbuda,ATG,2009,1.2046
Barbados,BRB,2009,1.2205
Guam,GUM,2009,1.2448
Romania,ROU,2009,1.2781
Seychelles,SYC,2009,1.2853
Ukraine,UKR,2009,1.3575
Grenada,GRD,2009,1.363
Serbia,SRB,2009,1.372999954
Maldives,MDV,2009,1.4329
Bahamas,BHS,2009,1.4373
Curacao,CUW,2009,1.4396
Thailand,THA,2009,1.4712
Mauritius,MUS,2009,1.4917
Saint Lucia,LCA,2009,1.5639
Uruguay,URY,2009,1.5727
Saudi Arabia,SAU,2009,1.6665
New Caledonia,NCL,2009,1.6722
Argentina,ARG,2009,1.6752
China,CHN,2009,1.7195
Venezuela,VEN,2009,1.764
Albania,ALB,2009,1.7755
Moldova,MDA,2009,1.828
Aruba,ABW,2009,1.832
Syria,SYR,2009,1.8392
Belize,BLZ,2009,1.8894
Georgia,GEO,2009,1.9257
Polynesia,OWID_PYA,2009,1.9829
Jamaica,JAM,2009,2.0124
Tunisia,TUN,2009,2.0183
Iran,IRN,2009,2.045
Armenia,ARM,2009,2.1089
Panama,PAN,2009,2.1105
Turkey,TUR,2009,2.1222
Fiji,FJI,2009,2.1761
Jordan,JOR,2009,2.184
Brazil,BRA,2009,2.2313
Saint Vincent and the Grenadines,VCT,2009,2.259
El Salvador,SLV,2009,2.2655
Kazakhstan,KAZ,2009,2.3619
Samoa,WSM,2009,2.3987
Mexico,MEX,2009,2.4268
Palestine,PSE,2009,2.5484
Tonga,TON,2009,2.5793
Colombia,COL,2009,2.6359
Vietnam,VNM,2009,2.6813
Nicaragua,NIC,2009,2.7044
Cape Verde,CPV,2009,2.7409
Suriname,SUR,2009,2.7499
Ecuador,ECU,2009,2.7548
Egypt,EGY,2009,2.8001
Libya,LBY,2009,2.8847
Kyrgyzstan,KGZ,2009,3.0607
North Korea,PRK,2009,3.1056
Dominican Republic,DOM,2009,3.1221
Peru,PER,2009,3.125
Philippines,PHL,2009,3.1688
Vanuatu,VUT,2009,3.2626
Trinidad and Tobago,TTO,2009,3.2783
Mongolia,MNG,2009,3.3727
Indonesia,IDN,2009,3.4332
Algeria,DZA,2009,3.6136
Guatemala,GTM,2009,3.6527
Paraguay,PRY,2009,3.7122
Morocco,MAR,2009,3.777
Iraq,IRQ,2009,3.8578
Honduras,HND,2009,4.1913
Micronesia,FSM,2009,4.236299896
Guyana,GUY,2009,4.2375
Azerbaijan,AZE,2009,4.3461
Uzbekistan,UZB,2009,4.3875
Solomon Islands,SLB,2009,4.4085
Bhutan,BTN,2009,4.5358
Cambodia,KHM,2009,4.6766
Nepal,NPL,2009,4.7819
Western Sahara,ESH,2009,5.0193
Bangladesh,BGD,2009,5.0501
World,OWID_WRL,2009,5.4332
Namibia,NAM,2009,5.5536
Botswana,BWA,2009,5.5659
Tajikistan,TJK,2009,5.7694
Melanesia,OWID_MNS,2009,5.9613
India,IND,2009,6.0902
Timor,TLS,2009,6.1184
Turkmenistan,TKM,2009,6.2093
Madagascar,MDG,2009,6.2855
Kiribati,KIR,2009,6.2961
South Africa,ZAF,2009,6.3936
Eritrea,ERI,2009,6.4696
Myanmar,MMR,2009,6.4887
Sao Tome and Principe,STP,2009,6.5632
Papua New Guinea,PNG,2009,6.5876
Kenya,KEN,2009,6.6882
Gabon,GAB,2009,6.7277
Yemen,YEM,2009,6.8134
Laos,LAO,2009,7.0753
Senegal,SEN,2009,7.0862
Tanzania,TZA,2009,7.2086
Ghana,GHA,2009,7.8929
Rwanda,RWA,2009,8.009
Zimbabwe,ZWE,2009,8.036
Sudan,SDN,2009,8.0712
Bolivia,BOL,2009,8.1057
Ethiopia,ETH,2009,8.3046
Gambia,GMB,2009,8.3108
Haiti,HTI,2009,8.3326
Congo,COG,2009,8.381
Comoros,COM,2009,8.7193
Afghanistan,AFG,2009,9.1702
Liberia,LBR,2009,9.2267
Zambia,ZMB,2009,9.2597
Togo,TGO,2009,9.3011
Djibouti,DJI,2009,9.3089
Pakistan,PAK,2009,9.3351
Lesotho,LSO,2009,9.5749
Swaziland,SWZ,2009,9.6785
Malawi,MWI,2009,9.8184
Uganda,UGA,2009,9.9837
Mauritania,MRT,2009,10.0557
Benin,BEN,2009,11.3807
Cote d'Ivoire,CIV,2009,11.453
Mozambique,MOZ,2009,11.504
Cameroon,CMR,2009,11.5666
Guinea,GIN,2009,11.6508
Equatorial Guinea,GNQ,2009,12.0816
Angola,AGO,2009,12.1759
Burkina Faso,BFA,2009,12.3398
Democratic Republic of Congo,COD,2009,12.7742
Burundi,BDI,2009,13.319
Nigeria,NGA,2009,13.5602
South Sudan,SSD,2009,13.5854
Niger,NER,2009,13.9657
Somalia,SOM,2009,14.2356
Mali,MLI,2009,14.2968
Guinea-Bissau,GNB,2009,14.6564
Chad,TCD,2009,16.4707
Sierra Leone,SLE,2009,16.497
Central African Republic,CAF,2009,16.6349
Iceland,ISL,2010,0.2549
Singapore,SGP,2010,0.2637
Hong Kong,HKG,2010,0.2722
Sweden,SWE,2010,0.3044
Finland,FIN,2010,0.3134
Japan,JPN,2010,0.3246
Norway,NOR,2010,0.3306
Czech Republic,CZE,2010,0.3416
Luxembourg,LUX,2010,0.3459
Slovenia,SVN,2010,0.3531
Spain,ESP,2010,0.3786
Italy,ITA,2010,0.3806
Portugal,PRT,2010,0.3863
Greece,GRC,2010,0.4014
South Korea,KOR,2010,0.404
Ireland,IRL,2010,0.4202
Denmark,DNK,2010,0.4217
France,FRA,2010,0.4234
Germany,DEU,2010,0.4276
Austria,AUT,2010,0.4301
Belgium,BEL,2010,0.4495
Netherlands,NLD,2010,0.4538
Macao,MAC,2010,0.4577
Israel,ISR,2010,0.4587
Switzerland,CHE,2010,0.4624
Australia,AUS,2010,0.4916
Estonia,EST,2010,0.4948
Cyprus,CYP,2010,0.5027
United Kingdom,GBR,2010,0.5179
Reunion,REU,2010,0.5544
Mayotte,MYT,2010,0.5544
Canada,CAN,2010,0.5633
New Zealand,NZL,2010,0.5688
Taiwan,TWN,2010,0.5858
Poland,POL,2010,0.5899
Croatia,HRV,2010,0.59
Hungary,HUN,2010,0.608
Belarus,BLR,2010,0.6131
Lithuania,LTU,2010,0.6234
Malta,MLT,2010,0.6252
Cuba,CUB,2010,0.7038
Guadeloupe,GLP,2010,0.705700016
Slovakia,SVK,2010,0.7118
United States,USA,2010,0.7501
United Arab Emirates,ARE,2010,0.7504
Brunei,BRN,2010,0.7702
Puerto Rico,PRI,2010,0.8178
Martinique,MTQ,2010,0.8189
Malaysia,MYS,2010,0.8347
Latvia,LVA,2010,0.8444
French Polynesia,PYF,2010,0.8643
Qatar,QAT,2010,0.892
Chile,CHL,2010,0.9218
Channel Islands,OWID_CIS,2010,0.9515
Montenegro,MNE,2010,0.9522
Bahrain,BHR,2010,0.9559
Bosnia and Herzegovina,BIH,2010,0.9841
Sri Lanka,LKA,2010,1.0413
Bulgaria,BGR,2010,1.0516
Macedonia,MKD,2010,1.0985
Oman,OMN,2010,1.1195
French Guiana,GUF,2010,1.1229
Lebanon,LBN,2010,1.1255
Russia,RUS,2010,1.1339
United States Virgin Islands,VIR,2010,1.1542
Kuwait,KWT,2010,1.1611
Costa Rica,CRI,2010,1.1781
Antigua and Barbuda,ATG,2010,1.1803
Barbados,BRB,2010,1.1838
Romania,ROU,2010,1.195
Guam,GUM,2010,1.2025
Ukraine,UKR,2010,1.2652
Seychelles,SYC,2010,1.2848
Maldives,MDV,2010,1.2871
Serbia,SRB,2010,1.31239996
Grenada,GRD,2010,1.3422
Curacao,CUW,2010,1.376
Bahamas,BHS,2010,1.4038
Thailand,THA,2010,1.4176
Mauritius,MUS,2010,1.4768
Saint Lucia,LCA,2010,1.5329
Uruguay,URY,2010,1.5531
China,CHN,2010,1.5866
New Caledonia,NCL,2010,1.6229
Saudi Arabia,SAU,2010,1.6284
Argentina,ARG,2010,1.6623
Venezuela,VEN,2010,1.7127
Albania,ALB,2010,1.717
Georgia,GEO,2010,1.7306
Moldova,MDA,2010,1.7758
Aruba,ABW,2010,1.7969
Belize,BLZ,2010,1.8245
Syria,SYR,2010,1.8945
Polynesia,OWID_PYA,2010,1.9238
Iran,IRN,2010,1.9393
Jamaica,JAM,2010,1.946
Armenia,ARM,2010,1.9614
Tunisia,TUN,2010,2.0053
Turkey,TUR,2010,2.0229
Panama,PAN,2010,2.0623
Brazil,BRA,2010,2.0966
Jordan,JOR,2010,2.1235
Fiji,FJI,2010,2.1306
Kazakhstan,KAZ,2010,2.1654
El Salvador,SLV,2010,2.1833
Saint Vincent and the Grenadines,VCT,2010,2.2027
Samoa,WSM,2010,2.3119
Mexico,MEX,2010,2.4101
Palestine,PSE,2010,2.4889
Tonga,TON,2010,2.5432
Vietnam,VNM,2010,2.6051
Colombia,COL,2010,2.606
Nicaragua,NIC,2010,2.6123
Suriname,SUR,2010,2.6363
Egypt,EGY,2010,2.6789
Ecuador,ECU,2010,2.6843
Cape Verde,CPV,2010,2.7297
Kyrgyzstan,KGZ,2010,2.8342
Libya,LBY,2010,2.8782
North Korea,PRK,2010,2.9631
Dominican Republic,DOM,2010,3.0282
Peru,PER,2010,3.0556
Philippines,PHL,2010,3.0928
Vanuatu,VUT,2010,3.1478
Mongolia,MNG,2010,3.1943
Trinidad and Tobago,TTO,2010,3.2218
Indonesia,IDN,2010,3.303
Algeria,DZA,2010,3.4886
Guatemala,GTM,2010,3.5317
Paraguay,PRY,2010,3.6371
Morocco,MAR,2010,3.6459
Iraq,IRQ,2010,3.8342
Azerbaijan,AZE,2010,4.0835
Honduras,HND,2010,4.1479
Uzbekistan,UZB,2010,4.1512
Solomon Islands,SLB,2010,4.1614
Micronesia,FSM,2010,4.182799911
Guyana,GUY,2010,4.2014
Cambodia,KHM,2010,4.269
Bhutan,BTN,2010,4.2789
Nepal,NPL,2010,4.5364
Bangladesh,BGD,2010,4.7559
Western Sahara,ESH,2010,4.7609
Botswana,BWA,2010,5.1729
Namibia,NAM,2010,5.2221
World,OWID_WRL,2010,5.2349
Tajikistan,TJK,2010,5.4658
India,IND,2010,5.8263
Melanesia,OWID_MNS,2010,5.8751
South Africa,ZAF,2010,5.9189
Timor,TLS,2010,5.9221
Turkmenistan,TKM,2010,6.0117
Madagascar,MDG,2010,6.0227
Kiribati,KIR,2010,6.2283
Eritrea,ERI,2010,6.2681
Myanmar,MMR,2010,6.2705
Kenya,KEN,2010,6.308
Gabon,GAB,2010,6.4321
Sao Tome and Principe,STP,2010,6.4632
Papua New Guinea,PNG,2010,6.5051
Senegal,SEN,2010,6.5624
Yemen,YEM,2010,6.5835
Laos,LAO,2010,6.7663
Tanzania,TZA,2010,6.9137
Rwanda,RWA,2010,7.3895
Ghana,GHA,2010,7.5893
Zimbabwe,ZWE,2010,7.6463
Congo,COG,2010,7.816
Ethiopia,ETH,2010,7.8167
Bolivia,BOL,2010,7.8409
Sudan,SDN,2010,7.8595
Gambia,GMB,2010,8.0501
Haiti,HTI,2010,8.1743
Comoros,COM,2010,8.4488
Liberia,LBR,2010,8.7872
Afghanistan,AFG,2010,8.836
Zambia,ZMB,2010,8.8678
Togo,TGO,2010,8.9849
Djibouti,DJI,2010,9.0361
Swaziland,SWZ,2010,9.093
Lesotho,LSO,2010,9.1119
Pakistan,PAK,2010,9.137
Malawi,MWI,2010,9.3847
Uganda,UGA,2010,9.7229
Mauritania,MRT,2010,9.8225
Cote d'Ivoire,CIV,2010,11.0847
Mozambique,MOZ,2010,11.1118
Benin,BEN,2010,11.1231
Guinea,GIN,2010,11.1726
Cameroon,CMR,2010,11.237
Angola,AGO,2010,11.484
Burkina Faso,BFA,2010,11.5897
Equatorial Guinea,GNQ,2010,11.7308
Democratic Republic of Congo,COD,2010,12.3622
Burundi,BDI,2010,13.0305
Nigeria,NGA,2010,13.1359
South Sudan,SSD,2010,13.1809
Niger,NER,2010,13.2942
Mali,MLI,2010,13.6963
Somalia,SOM,2010,13.9266
Guinea-Bissau,GNB,2010,14.3052
Sierra Leone,SLE,2010,15.5782
Chad,TCD,2010,15.997
Central African Republic,CAF,2010,16.2007
Iceland,ISL,2011,0.2413
Singapore,SGP,2011,0.2604
Hong Kong,HKG,2011,0.2637
Sweden,SWE,2011,0.2962
Finland,FIN,2011,0.3013
Norway,NOR,2011,0.3155
Japan,JPN,2011,0.3166
Czech Republic,CZE,2011,0.3288
Slovenia,SVN,2011,0.3381
Luxembourg,LUX,2011,0.3561
Spain,ESP,2011,0.3657
Italy,ITA,2011,0.37
Portugal,PRT,2011,0.3725
South Korea,KOR,2011,0.3883
Greece,GRC,2011,0.3968
Ireland,IRL,2011,0.4064
France,FRA,2011,0.414
Denmark,DNK,2011,0.4147
Germany,DEU,2011,0.4157
Austria,AUT,2011,0.4157
Netherlands,NLD,2011,0.4366
Macao,MAC,2011,0.4376
Belgium,BEL,2011,0.4395
Israel,ISR,2011,0.4434
Switzerland,CHE,2011,0.4528
Estonia,EST,2011,0.4634
Australia,AUS,2011,0.4779
Cyprus,CYP,2011,0.4978
United Kingdom,GBR,2011,0.5015
Reunion,REU,2011,0.5224
Mayotte,MYT,2011,0.5224
Belarus,BLR,2011,0.5516
New Zealand,NZL,2011,0.5528
Canada,CAN,2011,0.5543
Croatia,HRV,2011,0.5549
Taiwan,TWN,2011,0.5625
Poland,POL,2011,0.5659
Lithuania,LTU,2011,0.5881
Hungary,HUN,2011,0.5886
Malta,MLT,2011,0.6047
Guadeloupe,GLP,2011,0.678299999
Slovakia,SVK,2011,0.6968
Cuba,CUB,2011,0.6979
United States,USA,2011,0.7313
United Arab Emirates,ARE,2011,0.7341
Brunei,BRN,2011,0.7684
Puerto Rico,PRI,2011,0.782
Martinique,MTQ,2011,0.7899
Latvia,LVA,2011,0.8143
Malaysia,MYS,2011,0.8239
French Polynesia,PYF,2011,0.824
Montenegro,MNE,2011,0.8663
Qatar,QAT,2011,0.8756
Chile,CHL,2011,0.906
Bahrain,BHR,2011,0.9245
Channel Islands,OWID_CIS,2011,0.9334
Bosnia and Herzegovina,BIH,2011,0.9504
Sri Lanka,LKA,2011,1.0012
Bulgaria,BGR,2011,1.0209
Macedonia,MKD,2011,1.0617
Russia,RUS,2011,1.0791
Lebanon,LBN,2011,1.0962
French Guiana,GUF,2011,1.0975
Oman,OMN,2011,1.1067
United States Virgin Islands,VIR,2011,1.1239
Romania,ROU,2011,1.1244
Kuwait,KWT,2011,1.1256
Barbados,BRB,2011,1.1483
Antigua and Barbuda,ATG,2011,1.158
Costa Rica,CRI,2011,1.1615
Guam,GUM,2011,1.162
Maldives,MDV,2011,1.1672
Ukraine,UKR,2011,1.1762
Serbia,SRB,2011,1.252499962
Seychelles,SYC,2011,1.2778
Curacao,CUW,2011,1.3146
Grenada,GRD,2011,1.3236
Thailand,THA,2011,1.3679
Bahamas,BHS,2011,1.3718
Mauritius,MUS,2011,1.4559
China,CHN,2011,1.4774
Saint Lucia,LCA,2011,1.505
Uruguay,URY,2011,1.532
Georgia,GEO,2011,1.5567
New Caledonia,NCL,2011,1.5757
Saudi Arabia,SAU,2011,1.5869
Argentina,ARG,2011,1.6399
Venezuela,VEN,2011,1.6636
Albania,ALB,2011,1.6732
Moldova,MDA,2011,1.7259
Belize,BLZ,2011,1.7588
Aruba,ABW,2011,1.7645
Armenia,ARM,2011,1.8225
Iran,IRN,2011,1.8441
Polynesia,OWID_PYA,2011,1.8671
Jamaica,JAM,2011,1.8822
Turkey,TUR,2011,1.9386
Syria,SYR,2011,1.9514
Brazil,BRA,2011,1.9811
Kazakhstan,KAZ,2011,1.988
Tunisia,TUN,2011,1.9967
Panama,PAN,2011,2.0199
Jordan,JOR,2011,2.0647
Fiji,FJI,2011,2.0775
El Salvador,SLV,2011,2.0999
Saint Vincent and the Grenadines,VCT,2011,2.1529
Samoa,WSM,2011,2.2347
Mexico,MEX,2011,2.3799
Palestine,PSE,2011,2.4304
Tonga,TON,2011,2.5071
Nicaragua,NIC,2011,2.5126
Suriname,SUR,2011,2.5188
Vietnam,VNM,2011,2.5303
Egypt,EGY,2011,2.5657
Colombia,COL,2011,2.5705
Kyrgyzstan,KGZ,2011,2.62
Ecuador,ECU,2011,2.6209
Cape Verde,CPV,2011,2.7034
North Korea,PRK,2011,2.7775
Libya,LBY,2011,2.8693
Dominican Republic,DOM,2011,2.9385
Peru,PER,2011,2.9874
Philippines,PHL,2011,3.0179
Mongolia,MNG,2011,3.0287
Vanuatu,VUT,2011,3.041
Trinidad and Tobago,TTO,2011,3.1692
Indonesia,IDN,2011,3.1825
Algeria,DZA,2011,3.3704
Guatemala,GTM,2011,3.4156
Morocco,MAR,2011,3.5057
Paraguay,PRY,2011,3.569
Iraq,IRQ,2011,3.7999
Azerbaijan,AZE,2011,3.8625
Cambodia,KHM,2011,3.9171
Uzbekistan,UZB,2011,3.9359
Solomon Islands,SLB,2011,3.9361
Bhutan,BTN,2011,4.0405
Honduras,HND,2011,4.0951
Micronesia,FSM,2011,4.13390007
Guyana,GUY,2011,4.1634
Nepal,NPL,2011,4.3082
Bangladesh,BGD,2011,4.4853
Western Sahara,ESH,2011,4.521
Botswana,BWA,2011,4.8404
Namibia,NAM,2011,4.9303
World,OWID_WRL,2011,5.0546
Tajikistan,TJK,2011,5.2058
South Africa,ZAF,2011,5.4503
India,IND,2011,5.5817
Timor,TLS,2011,5.7452
Madagascar,MDG,2011,5.7756
Melanesia,OWID_MNS,2011,5.7894
Turkmenistan,TKM,2011,5.8341
Kenya,KEN,2011,5.9712
Eritrea,ERI,2011,6.054
Myanmar,MMR,2011,6.0614
Senegal,SEN,2011,6.1033
Kiribati,KIR,2011,6.1501
Gabon,GAB,2011,6.1572
Sao Tome and Principe,STP,2011,6.3841
Yemen,YEM,2011,6.4027
Papua New Guinea,PNG,2011,6.4218
Laos,LAO,2011,6.4789
Tanzania,TZA,2011,6.6486
Rwanda,RWA,2011,6.8834
Zimbabwe,ZWE,2011,7.2803
Ghana,GHA,2011,7.2865
Congo,COG,2011,7.3304
Ethiopia,ETH,2011,7.3773
Bolivia,BOL,2011,7.5822
Sudan,SDN,2011,7.6659
Gambia,GMB,2011,7.817
Haiti,HTI,2011,8.0044
Comoros,COM,2011,8.1866
Liberia,LBR,2011,8.4008
Swaziland,SWZ,2011,8.4943
Zambia,ZMB,2011,8.5039
Afghanistan,AFG,2011,8.529
Lesotho,LSO,2011,8.6715
Togo,TGO,2011,8.7267
Djibouti,DJI,2011,8.7672
Pakistan,PAK,2011,8.9458
Malawi,MWI,2011,9.0024
Uganda,UGA,2011,9.4836
Mauritania,MRT,2011,9.599
Cote d'Ivoire,CIV,2011,10.6866
Guinea,GIN,2011,10.7442
Mozambique,MOZ,2011,10.7695
Angola,AGO,2011,10.8845
Benin,BEN,2011,10.8848
Cameroon,CMR,2011,10.9105
Burkina Faso,BFA,2011,10.9122
Equatorial Guinea,GNQ,2011,11.3821
Democratic Republic of Congo,COD,2011,11.9909
Niger,NER,2011,12.7033
Nigeria,NGA,2011,12.7366
Burundi,BDI,2011,12.741
South Sudan,SSD,2011,12.7852
Mali,MLI,2011,13.1661
Somalia,SOM,2011,13.6072
Guinea-Bissau,GNB,2011,13.9542
Sierra Leone,SLE,2011,14.7104
Chad,TCD,2011,15.509
Central African Republic,CAF,2011,15.7447
Iceland,ISL,2012,0.2289
Hong Kong,HKG,2012,0.2555
Singapore,SGP,2012,0.2566
Finland,FIN,2012,0.2874
Sweden,SWE,2012,0.2878
Norway,NOR,2012,0.2998
Japan,JPN,2012,0.3086
Czech Republic,CZE,2012,0.3173
Slovenia,SVN,2012,0.3242
Spain,ESP,2012,0.3528
Portugal,PRT,2012,0.3554
Italy,ITA,2012,0.3578
Luxembourg,LUX,2012,0.3685
South Korea,KOR,2012,0.3739
Ireland,IRL,2012,0.3898
Greece,GRC,2012,0.3922
Austria,AUT,2012,0.3984
Germany,DEU,2012,0.3996
France,FRA,2012,0.4043
Denmark,DNK,2012,0.4077
Netherlands,NLD,2012,0.4178
Macao,MAC,2012,0.4196
Israel,ISR,2012,0.4279
Belgium,BEL,2012,0.4284
Estonia,EST,2012,0.4374
Switzerland,CHE,2012,0.4428
Australia,AUS,2012,0.4634
United Kingdom,GBR,2012,0.487
Cyprus,CYP,2012,0.4923
Mayotte,MYT,2012,0.4947
Reunion,REU,2012,0.4948
Belarus,BLR,2012,0.5003
Croatia,HRV,2012,0.5219
New Zealand,NZL,2012,0.5383
Taiwan,TWN,2012,0.5412
Poland,POL,2012,0.544
Canada,CAN,2012,0.5456
Lithuania,LTU,2012,0.5571
Hungary,HUN,2012,0.5714
Malta,MLT,2012,0.5848
Guadeloupe,GLP,2012,0.652899981
Slovakia,SVK,2012,0.6823
Cuba,CUB,2012,0.6893
United States,USA,2012,0.7115
United Arab Emirates,ARE,2012,0.7192
Puerto Rico,PRI,2012,0.7469
Martinique,MTQ,2012,0.7599
Brunei,BRN,2012,0.7651
French Polynesia,PYF,2012,0.7834
Latvia,LVA,2012,0.7848
Montenegro,MNE,2012,0.7863
Malaysia,MYS,2012,0.8086
Qatar,QAT,2012,0.8598
Chile,CHL,2012,0.8877
Bahrain,BHR,2012,0.8948
Bosnia and Herzegovina,BIH,2012,0.9156
Channel Islands,OWID_CIS,2012,0.9173
Sri Lanka,LKA,2012,0.9662
Bulgaria,BGR,2012,0.9941
Macedonia,MKD,2012,1.0268
Russia,RUS,2012,1.0342
Romania,ROU,2012,1.0652
Maldives,MDV,2012,1.0699
Lebanon,LBN,2012,1.0716
French Guiana,GUF,2012,1.0817
Kuwait,KWT,2012,1.0896
United States Virgin Islands,VIR,2012,1.0945
Ukraine,UKR,2012,1.0949
Oman,OMN,2012,1.095
Barbados,BRB,2012,1.1138
Guam,GUM,2012,1.1245
Antigua and Barbuda,ATG,2012,1.1354
Costa Rica,CRI,2012,1.1468
Serbia,SRB,2012,1.195899963
Curacao,CUW,2012,1.2582
Seychelles,SYC,2012,1.2612
Grenada,GRD,2012,1.3045
Thailand,THA,2012,1.3209
Bahamas,BHS,2012,1.3409
China,CHN,2012,1.3897
Georgia,GEO,2012,1.41
Mauritius,MUS,2012,1.4307
Saint Lucia,LCA,2012,1.4765
Uruguay,URY,2012,1.5078
New Caledonia,NCL,2012,1.531
Saudi Arabia,SAU,2012,1.543
Argentina,ARG,2012,1.6107
Venezuela,VEN,2012,1.6173
Albania,ALB,2012,1.6372
Moldova,MDA,2012,1.6783
Belize,BLZ,2012,1.6927
Armenia,ARM,2012,1.6994
Aruba,ABW,2012,1.7342
Iran,IRN,2012,1.7583
Polynesia,OWID_PYA,2012,1.8138
Jamaica,JAM,2012,1.8225
Kazakhstan,KAZ,2012,1.835
Turkey,TUR,2012,1.8629
Brazil,BRA,2012,1.8813
Panama,PAN,2012,1.9813
Tunisia,TUN,2012,1.9845
Syria,SYR,2012,1.9957
Jordan,JOR,2012,2.0076
El Salvador,SLV,2012,2.0188
Fiji,FJI,2012,2.0195
Saint Vincent and the Grenadines,VCT,2012,2.1075
Samoa,WSM,2012,2.1666
Mexico,MEX,2012,2.3399
Palestine,PSE,2012,2.373
Suriname,SUR,2012,2.407
Nicaragua,NIC,2012,2.4123
Kyrgyzstan,KGZ,2012,2.4304
Vietnam,VNM,2012,2.4569
Egypt,EGY,2012,2.4597
Tonga,TON,2012,2.4711
Colombia,COL,2012,2.5284
Ecuador,ECU,2012,2.5628
North Korea,PRK,2012,2.582
Cape Verde,CPV,2012,2.6654
Libya,LBY,2012,2.8499
Dominican Republic,DOM,2012,2.8542
Mongolia,MNG,2012,2.8781
Peru,PER,2012,2.9177
Vanuatu,VUT,2012,2.9421
Philippines,PHL,2012,2.9437
Indonesia,IDN,2012,3.0714
Trinidad and Tobago,TTO,2012,3.1185
Algeria,DZA,2012,3.2589
Guatemala,GTM,2012,3.3025
Morocco,MAR,2012,3.36
Paraguay,PRY,2012,3.5105
Cambodia,KHM,2012,3.6154
Azerbaijan,AZE,2012,3.6816
Solomon Islands,SLB,2012,3.7328
Uzbekistan,UZB,2012,3.7486
Iraq,IRQ,2012,3.7505
Bhutan,BTN,2012,3.8229
Honduras,HND,2012,4.0324
Micronesia,FSM,2012,4.086100006
Nepal,NPL,2012,4.0951
Guyana,GUY,2012,4.1218
Bangladesh,BGD,2012,4.24
Western Sahara,ESH,2012,4.3023
Botswana,BWA,2012,4.5509
Namibia,NAM,2012,4.674
World,OWID_WRL,2012,4.8918
Tajikistan,TJK,2012,4.9854
South Africa,ZAF,2012,5.0151
India,IND,2012,5.3575
Madagascar,MDG,2012,5.5425
Timor,TLS,2012,5.5709
Kenya,KEN,2012,5.6776
Turkmenistan,TKM,2012,5.6779
Senegal,SEN,2012,5.7016
Melanesia,OWID_MNS,2012,5.7023
Eritrea,ERI,2012,5.8279
Myanmar,MMR,2012,5.8715
Gabon,GAB,2012,5.8995
Kiribati,KIR,2012,6.0619
Laos,LAO,2012,6.2108
Yemen,YEM,2012,6.2525
Sao Tome and Principe,STP,2012,6.315
Papua New Guinea,PNG,2012,6.3351
Tanzania,TZA,2012,6.4111
Rwanda,RWA,2012,6.4675
Congo,COG,2012,6.9092
Zimbabwe,ZWE,2012,6.9456
Ethiopia,ETH,2012,6.9852
Ghana,GHA,2012,6.9987
Bolivia,BOL,2012,7.3262
Sudan,SDN,2012,7.4873
Gambia,GMB,2012,7.6084
Haiti,HTI,2012,7.8289
Swaziland,SWZ,2012,7.9045
Comoros,COM,2012,7.9405
Liberia,LBR,2012,8.0502
Zambia,ZMB,2012,8.1665
Afghanistan,AFG,2012,8.2406
Lesotho,LSO,2012,8.2533
Togo,TGO,2012,8.5061
Djibouti,DJI,2012,8.5159
Malawi,MWI,2012,8.6643
Pakistan,PAK,2012,8.7644
Uganda,UGA,2012,9.2647
Mauritania,MRT,2012,9.3917
Cote d'Ivoire,CIV,2012,10.2699
Burkina Faso,BFA,2012,10.3135
Guinea,GIN,2012,10.3392
Angola,AGO,2012,10.381
Mozambique,MOZ,2012,10.4778
Cameroon,CMR,2012,10.5849
Benin,BEN,2012,10.6612
Equatorial Guinea,GNQ,2012,11.0392
Democratic Republic of Congo,COD,2012,11.6501
Niger,NER,2012,12.1886
Nigeria,NGA,2012,12.3502
South Sudan,SSD,2012,12.3971
Burundi,BDI,2012,12.4516
Mali,MLI,2012,12.6879
Somalia,SOM,2012,13.2808
Guinea-Bissau,GNB,2012,13.6033
Sierra Leone,SLE,2012,13.925
Chad,TCD,2012,15.0338
Central African Republic,CAF,2012,15.2774
Iceland,ISL,2013,0.2188
Hong Kong,HKG,2013,0.2478
Singapore,SGP,2013,0.2525
Finland,FIN,2013,0.2717
Sweden,SWE,2013,0.2788
Norway,NOR,2013,0.2835
Japan,JPN,2013,0.3007
Czech Republic,CZE,2013,0.3072
Slovenia,SVN,2013,0.3114
Portugal,PRT,2013,0.3339
Spain,ESP,2013,0.3399
Italy,ITA,2013,0.3439
South Korea,KOR,2013,0.3598
Ireland,IRL,2013,0.3688
Luxembourg,LUX,2013,0.3778
Austria,AUT,2013,0.3779
Germany,DEU,2013,0.379
Greece,GRC,2013,0.3869
France,FRA,2013,0.3938
Netherlands,NLD,2013,0.3972
Denmark,DNK,2013,0.3994
Macao,MAC,2013,0.4037
Israel,ISR,2013,0.4118
Belgium,BEL,2013,0.4161
Estonia,EST,2013,0.4166
Switzerland,CHE,2013,0.4322
Australia,AUS,2013,0.448
Belarus,BLR,2013,0.4603
Mayotte,MYT,2013,0.4714
Reunion,REU,2013,0.4715
United Kingdom,GBR,2013,0.4751
Cyprus,CYP,2013,0.4847
Croatia,HRV,2013,0.4927
Taiwan,TWN,2013,0.5222
Poland,POL,2013,0.5248
New Zealand,NZL,2013,0.5261
Lithuania,LTU,2013,0.5309
Canada,CAN,2013,0.5374
Hungary,HUN,2013,0.5557
Malta,MLT,2013,0.5657
Guadeloupe,GLP,2013,0.628900003
Slovakia,SVK,2013,0.6679
Cuba,CUB,2013,0.6782
United States,USA,2013,0.6915
United Arab Emirates,ARE,2013,0.7039
Puerto Rico,PRI,2013,0.7155
Montenegro,MNE,2013,0.7179
Martinique,MTQ,2013,0.73
French Polynesia,PYF,2013,0.7449
Latvia,LVA,2013,0.756
Brunei,BRN,2013,0.7578
Malaysia,MYS,2013,0.79
Qatar,QAT,2013,0.8433
Bahrain,BHR,2013,0.8669
Chile,CHL,2013,0.8671
Bosnia and Herzegovina,BIH,2013,0.8809
Channel Islands,OWID_CIS,2013,0.9024
Sri Lanka,LKA,2013,0.9335
Bulgaria,BGR,2013,0.9689
Maldives,MDV,2013,0.9909
Russia,RUS,2013,0.9956
Macedonia,MKD,2013,0.9964
Romania,ROU,2013,1.0157
Ukraine,UKR,2013,1.0248
Lebanon,LBN,2013,1.0501
Kuwait,KWT,2013,1.0546
United States Virgin Islands,VIR,2013,1.0669
French Guiana,GUF,2013,1.0734
Oman,OMN,2013,1.079
Barbados,BRB,2013,1.08
Guam,GUM,2013,1.0906
Antigua and Barbuda,ATG,2013,1.1108
Costa Rica,CRI,2013,1.1336
Serbia,SRB,2013,1.14460001
Curacao,CUW,2013,1.2087
Seychelles,SYC,2013,1.2337
Thailand,THA,2013,1.2758
Grenada,GRD,2013,1.2829
Georgia,GEO,2013,1.2937
Bahamas,BHS,2013,1.3106
China,CHN,2013,1.3203
Mauritius,MUS,2013,1.4027
Saint Lucia,LCA,2013,1.4446
Uruguay,URY,2013,1.4796
New Caledonia,NCL,2013,1.4891
Saudi Arabia,SAU,2013,1.4979
Venezuela,VEN,2013,1.5741
Argentina,ARG,2013,1.5772
Armenia,ARM,2013,1.5971
Albania,ALB,2013,1.6035
Belize,BLZ,2013,1.6272
Moldova,MDA,2013,1.6324
Iran,IRN,2013,1.6801
Aruba,ABW,2013,1.7056
Kazakhstan,KAZ,2013,1.7092
Polynesia,OWID_PYA,2013,1.7646
Jamaica,JAM,2013,1.7679
Turkey,TUR,2013,1.7906
Brazil,BRA,2013,1.7938
El Salvador,SLV,2013,1.9422
Panama,PAN,2013,1.9447
Jordan,JOR,2013,1.9524
Fiji,FJI,2013,1.9594
Tunisia,TUN,2013,1.9626
Syria,SYR,2013,2.0165
Saint Vincent and the Grenadines,VCT,2013,2.0647
Samoa,WSM,2013,2.1071
Kyrgyzstan,KGZ,2013,2.2739
Mexico,MEX,2013,2.2939
Suriname,SUR,2013,2.308
Nicaragua,NIC,2013,2.3166
Palestine,PSE,2013,2.3169
Egypt,EGY,2013,2.3604
Vietnam,VNM,2013,2.3851
North Korea,PRK,2013,2.4028
Tonga,TON,2013,2.4353
Colombia,COL,2013,2.4796
Ecuador,ECU,2013,2.5078
Cape Verde,CPV,2013,2.6188
Mongolia,MNG,2013,2.7437
Dominican Republic,DOM,2013,2.7756
Libya,LBY,2013,2.8148
Peru,PER,2013,2.8446
Vanuatu,VUT,2013,2.8507
Philippines,PHL,2013,2.8701
Indonesia,IDN,2013,2.9686
Trinidad and Tobago,TTO,2013,3.0678
Algeria,DZA,2013,3.1535
Guatemala,GTM,2013,3.191
Morocco,MAR,2013,3.2124
Cambodia,KHM,2013,3.3569
Paraguay,PRY,2013,3.4627
Azerbaijan,AZE,2013,3.5374
Solomon Islands,SLB,2013,3.551
Uzbekistan,UZB,2013,3.5932
Bhutan,BTN,2013,3.6266
Iraq,IRQ,2013,3.684
Nepal,NPL,2013,3.8949
Honduras,HND,2013,3.9599
Bangladesh,BGD,2013,4.0199
Micronesia,FSM,2013,4.036399841
Guyana,GUY,2013,4.0753
Western Sahara,ESH,2013,4.1057
Botswana,BWA,2013,4.29
Namibia,NAM,2013,4.4489
South Africa,ZAF,2013,4.6347
World,OWID_WRL,2013,4.7454
Tajikistan,TJK,2013,4.7995
India,IND,2013,5.1534
Madagascar,MDG,2013,5.3209
Senegal,SEN,2013,5.3489
Timor,TLS,2013,5.3862
Kenya,KEN,2013,5.425
Turkmenistan,TKM,2013,5.5428
Eritrea,ERI,2013,5.5914
Melanesia,OWID_MNS,2013,5.613
Gabon,GAB,2013,5.6571
Myanmar,MMR,2013,5.7072
Laos,LAO,2013,5.9594
Kiribati,KIR,2013,5.9648
Yemen,YEM,2013,6.1168
Rwanda,RWA,2013,6.1192
Tanzania,TZA,2013,6.1976
Papua New Guinea,PNG,2013,6.2436
Sao Tome and Principe,STP,2013,6.2473
Congo,COG,2013,6.5389
Ethiopia,ETH,2013,6.6368
Zimbabwe,ZWE,2013,6.6476
Ghana,GHA,2013,6.7368
Bolivia,BOL,2013,7.0703
Sudan,SDN,2013,7.3205
Swaziland,SWZ,2013,7.3448
Gambia,GMB,2013,7.4207
Haiti,HTI,2013,7.6531
Comoros,COM,2013,7.7163
Liberia,LBR,2013,7.7198
Zambia,ZMB,2013,7.8529
Lesotho,LSO,2013,7.8575
Afghanistan,AFG,2013,7.9633
Djibouti,DJI,2013,8.2924
Togo,TGO,2013,8.3057
Malawi,MWI,2013,8.3626
Pakistan,PAK,2013,8.5944
Uganda,UGA,2013,9.0631
Mauritania,MRT,2013,9.205
Burkina Faso,BFA,2013,9.795
Cote d'Ivoire,CIV,2013,9.8472
Guinea,GIN,2013,9.9368
Angola,AGO,2013,9.9702
Mozambique,MOZ,2013,10.2327
Cameroon,CMR,2013,10.2599
Benin,BEN,2013,10.4482
Equatorial Guinea,GNQ,2013,10.7057
Democratic Republic of Congo,COD,2013,11.33
Niger,NER,2013,11.7418
Nigeria,NGA,2013,11.9675
South Sudan,SSD,2013,12.0163
Burundi,BDI,2013,12.1636
Mali,MLI,2013,12.2449
Somalia,SOM,2013,12.9514
Sierra Leone,SLE,2013,13.2426
Guinea-Bissau,GNB,2013,13.2529
Chad,TCD,2013,14.5924
Central African Republic,CAF,2013,14.8105
Iceland,ISL,2014,0.2112
Hong Kong,HKG,2014,0.2407
Singapore,SGP,2014,0.2478
Finland,FIN,2014,0.2547
Norway,NOR,2014,0.2669
Sweden,SWE,2014,0.269
Japan,JPN,2014,0.2927
Czech Republic,CZE,2014,0.2983
Slovenia,SVN,2014,0.2996
Portugal,PRT,2014,0.3081
Spain,ESP,2014,0.327
Italy,ITA,2014,0.3283
Ireland,IRL,2014,0.3433
South Korea,KOR,2014,0.3456
Germany,DEU,2014,0.3546
Austria,AUT,2014,0.3546
Netherlands,NLD,2014,0.3751
Greece,GRC,2014,0.3803
Luxembourg,LUX,2014,0.3819
France,FRA,2014,0.3826
Denmark,DNK,2014,0.3895
Macao,MAC,2014,0.3897
Israel,ISR,2014,0.3951
Estonia,EST,2014,0.4003
Belgium,BEL,2014,0.4027
Switzerland,CHE,2014,0.4209
Belarus,BLR,2014,0.4312
Australia,AUS,2014,0.432
Mayotte,MYT,2014,0.4521
Reunion,REU,2014,0.4523
United Kingdom,GBR,2014,0.4659
Croatia,HRV,2014,0.4683
Cyprus,CYP,2014,0.4744
Taiwan,TWN,2014,0.5055
Poland,POL,2014,0.5081
Lithuania,LTU,2014,0.5094
New Zealand,NZL,2014,0.5161
Canada,CAN,2014,0.5296
Hungary,HUN,2014,0.5412
Malta,MLT,2014,0.5473
Guadeloupe,GLP,2014,0.60619998
Slovakia,SVK,2014,0.6535
Montenegro,MNE,2014,0.6638
Cuba,CUB,2014,0.6645
United States,USA,2014,0.6719
United Arab Emirates,ARE,2014,0.6872
Puerto Rico,PRI,2014,0.6885
Martinique,MTQ,2014,0.7009
French Polynesia,PYF,2014,0.7096
Latvia,LVA,2014,0.7275
Brunei,BRN,2014,0.7454
Malaysia,MYS,2014,0.7683
Qatar,QAT,2014,0.8256
Bahrain,BHR,2014,0.8409
Chile,CHL,2014,0.8442
Bosnia and Herzegovina,BIH,2014,0.8468
Channel Islands,OWID_CIS,2014,0.8881
Sri Lanka,LKA,2014,0.9018
Maldives,MDV,2014,0.9258
Bulgaria,BGR,2014,0.9441
Russia,RUS,2014,0.9615
Ukraine,UKR,2014,0.9671
Macedonia,MKD,2014,0.9704
Romania,ROU,2014,0.9749
Kuwait,KWT,2014,1.0214
Lebanon,LBN,2014,1.0307
United States Virgin Islands,VIR,2014,1.0417
Barbados,BRB,2014,1.0472
Oman,OMN,2014,1.0554
Guam,GUM,2014,1.0602
French Guiana,GUF,2014,1.0707
Antigua and Barbuda,ATG,2014,1.0833
Serbia,SRB,2014,1.099699974
Costa Rica,CRI,2014,1.1215
Curacao,CUW,2014,1.1668
Seychelles,SYC,2014,1.1957
Georgia,GEO,2014,1.2081
Thailand,THA,2014,1.232
Grenada,GRD,2014,1.258
China,CHN,2014,1.2664
Bahamas,BHS,2014,1.2806
Mauritius,MUS,2014,1.3721
Saint Lucia,LCA,2014,1.4085
Uruguay,URY,2014,1.4475
New Caledonia,NCL,2014,1.4498
Saudi Arabia,SAU,2014,1.4516
Armenia,ARM,2014,1.5164
Venezuela,VEN,2014,1.5335
Argentina,ARG,2014,1.5398
Belize,BLZ,2014,1.5626
Albania,ALB,2014,1.569
Moldova,MDA,2014,1.5877
Iran,IRN,2014,1.6085
Kazakhstan,KAZ,2014,1.6101
Aruba,ABW,2014,1.6782
Brazil,BRA,2014,1.7171
Turkey,TUR,2014,1.7183
Jamaica,JAM,2014,1.7187
Polynesia,OWID_PYA,2014,1.72
El Salvador,SLV,2014,1.8706
Fiji,FJI,2014,1.8985
Jordan,JOR,2014,1.899
Panama,PAN,2014,1.9089
Tunisia,TUN,2014,1.9279
Syria,SYR,2014,2.0091
Saint Vincent and the Grenadines,VCT,2014,2.024
Samoa,WSM,2014,2.0554
Kyrgyzstan,KGZ,2014,2.1522
Suriname,SUR,2014,2.2245
Nicaragua,NIC,2014,2.227
Mexico,MEX,2014,2.2428
North Korea,PRK,2014,2.2462
Palestine,PSE,2014,2.2621
Egypt,EGY,2014,2.2671
Vietnam,VNM,2014,2.3149
Tonga,TON,2014,2.3995
Colombia,COL,2014,2.424
Ecuador,ECU,2014,2.454
Cape Verde,CPV,2014,2.5637
Mongolia,MNG,2014,2.6239
Dominican Republic,DOM,2014,2.7023
Libya,LBY,2014,2.7627
Peru,PER,2014,2.7654
Vanuatu,VUT,2014,2.7658
Philippines,PHL,2014,2.7974
Indonesia,IDN,2014,2.8731
Trinidad and Tobago,TTO,2014,3.0167
Algeria,DZA,2014,3.0536
Morocco,MAR,2014,3.0646
Guatemala,GTM,2014,3.08
Cambodia,KHM,2014,3.1356
Solomon Islands,SLB,2014,3.3889
Paraguay,PRY,2014,3.4245
Azerbaijan,AZE,2014,3.4264
Bhutan,BTN,2014,3.4494
Uzbekistan,UZB,2014,3.4699
Iraq,IRQ,2014,3.6003
Nepal,NPL,2014,3.7061
Bangladesh,BGD,2014,3.8234
Honduras,HND,2014,3.878
Western Sahara,ESH,2014,3.9308
Micronesia,FSM,2014,3.983800125
Guyana,GUY,2014,4.0235
Botswana,BWA,2014,4.0541
Namibia,NAM,2014,4.2543
South Africa,ZAF,2014,4.3223
World,OWID_WRL,2014,4.614
Tajikistan,TJK,2014,4.6442
India,IND,2014,4.9685
Senegal,SEN,2014,5.0412
Madagascar,MDG,2014,5.1071
Timor,TLS,2014,5.1846
Kenya,KEN,2014,5.2126
Eritrea,ERI,2014,5.3442
Turkmenistan,TKM,2014,5.4277
Gabon,GAB,2014,5.4318
Melanesia,OWID_MNS,2014,5.521
Myanmar,MMR,2014,5.5704
Laos,LAO,2014,5.7232
Rwanda,RWA,2014,5.825
Kiribati,KIR,2014,5.8594
Yemen,YEM,2014,5.9883
Tanzania,TZA,2014,6.0032
Papua New Guinea,PNG,2014,6.1467
Sao Tome and Principe,STP,2014,6.177
Congo,COG,2014,6.2168
Ethiopia,ETH,2014,6.3278
Zimbabwe,ZWE,2014,6.3919
Ghana,GHA,2014,6.5056
Bolivia,BOL,2014,6.8138
Swaziland,SWZ,2014,6.8333
Sudan,SDN,2014,7.1633
Gambia,GMB,2014,7.2511
Liberia,LBR,2014,7.3992
Haiti,HTI,2014,7.4792
Lesotho,LSO,2014,7.4892
Comoros,COM,2014,7.5172
Zambia,ZMB,2014,7.5608
Afghanistan,AFG,2014,7.6942
Malawi,MWI,2014,8.0931
Djibouti,DJI,2014,8.1009
Togo,TGO,2014,8.1189
Pakistan,PAK,2014,8.4352
Uganda,UGA,2014,8.8738
Mauritania,MRT,2014,9.0415
Burkina Faso,BFA,2014,9.3571
Cote d'Ivoire,CIV,2014,9.4291
Guinea,GIN,2014,9.5294
Angola,AGO,2014,9.6449
Cameroon,CMR,2014,9.936
Mozambique,MOZ,2014,10.0266
Benin,BEN,2014,10.2436
Equatorial Guinea,GNQ,2014,10.3838
Democratic Republic of Congo,COD,2014,11.0255
Niger,NER,2014,11.3552
Nigeria,NGA,2014,11.5862
South Sudan,SSD,2014,11.6431
Mali,MLI,2014,11.829
Burundi,BDI,2014,11.8779
Somalia,SOM,2014,12.6219
Sierra Leone,SLE,2014,12.6711
Guinea-Bissau,GNB,2014,12.9048
Chad,TCD,2014,14.1954
Central African Republic,CAF,2014,14.3543
Iceland,ISL,2015,0.2058
Hong Kong,HKG,2015,0.2341
Finland,FIN,2015,0.2372
Singapore,SGP,2015,0.2426
Norway,NOR,2015,0.2507
Sweden,SWE,2015,0.2588
Portugal,PRT,2015,0.2795
Japan,JPN,2015,0.2848
Slovenia,SVN,2015,0.2889
Czech Republic,CZE,2015,0.2904
Italy,ITA,2015,0.3118
Spain,ESP,2015,0.3143
Ireland,IRL,2015,0.3148
Germany,DEU,2015,0.3278
Austria,AUT,2015,0.3299
South Korea,KOR,2015,0.3311
Netherlands,NLD,2015,0.3525
France,FRA,2015,0.3706
Greece,GRC,2015,0.372
Macao,MAC,2015,0.3775
Denmark,DNK,2015,0.3779
Israel,ISR,2015,0.3781
Luxembourg,LUX,2015,0.3797
Estonia,EST,2015,0.3876
Belgium,BEL,2015,0.3884
Switzerland,CHE,2015,0.409
Belarus,BLR,2015,0.4116
Australia,AUS,2015,0.4158
Mayotte,MYT,2015,0.4364
Reunion,REU,2015,0.4367
Croatia,HRV,2015,0.449
United Kingdom,GBR,2015,0.4587
Cyprus,CYP,2015,0.4614
Taiwan,TWN,2015,0.4912
Lithuania,LTU,2015,0.4923
Poland,POL,2015,0.4939
New Zealand,NZL,2015,0.508
Canada,CAN,2015,0.5217
Hungary,HUN,2015,0.5275
Malta,MLT,2015,0.5299
Guadeloupe,GLP,2015,0.584499979
Montenegro,MNE,2015,0.6248
Slovakia,SVK,2015,0.6393
Cuba,CUB,2015,0.6485
United States,USA,2015,0.6528
Puerto Rico,PRI,2015,0.6662
United Arab Emirates,ARE,2015,0.6687
Martinique,MTQ,2015,0.6731
French Polynesia,PYF,2015,0.6785
Latvia,LVA,2015,0.6997
Brunei,BRN,2015,0.728
Malaysia,MYS,2015,0.7445
Qatar,QAT,2015,0.8066
Bosnia and Herzegovina,BIH,2015,0.8144
Bahrain,BHR,2015,0.8167
Chile,CHL,2015,0.8194
Sri Lanka,LKA,2015,0.8703
Maldives,MDV,2015,0.871
Channel Islands,OWID_CIS,2015,0.8741
Bulgaria,BGR,2015,0.9191
Ukraine,UKR,2015,0.9219
Russia,RUS,2015,0.9305
Romania,ROU,2015,0.9414
Macedonia,MKD,2015,0.948
Kuwait,KWT,2015,0.9905
Lebanon,LBN,2015,1.0123
Barbados,BRB,2015,1.0154
United States Virgin Islands,VIR,2015,1.0189
Oman,OMN,2015,1.0237
Guam,GUM,2015,1.0332
Antigua and Barbuda,ATG,2015,1.053
Serbia,SRB,2015,1.061400032
French Guiana,GUF,2015,1.0702
Costa Rica,CRI,2015,1.1094
Curacao,CUW,2015,1.1325
Seychelles,SYC,2015,1.1496
Georgia,GEO,2015,1.1503
Thailand,THA,2015,1.1895
China,CHN,2015,1.2247
Grenada,GRD,2015,1.2298
Bahamas,BHS,2015,1.2508
Mauritius,MUS,2015,1.3395
Saint Lucia,LCA,2015,1.3681
Saudi Arabia,SAU,2015,1.4044
Uruguay,URY,2015,1.4122
New Caledonia,NCL,2015,1.4132
Armenia,ARM,2015,1.4557
Venezuela,VEN,2015,1.4952
Argentina,ARG,2015,1.4995
Belize,BLZ,2015,1.4999
Albania,ALB,2015,1.5323
Kazakhstan,KAZ,2015,1.535
Iran,IRN,2015,1.5423
Moldova,MDA,2015,1.5437
Turkey,TUR,2015,1.6449
Brazil,BRA,2015,1.65
Aruba,ABW,2015,1.652
Jamaica,JAM,2015,1.6745
Polynesia,OWID_PYA,2015,1.68
El Salvador,SLV,2015,1.8037
Fiji,FJI,2015,1.8383
Jordan,JOR,2015,1.8473
Panama,PAN,2015,1.8726
Tunisia,TUN,2015,1.8794
Syria,SYR,2015,1.9729
Saint Vincent and the Grenadines,VCT,2015,1.985
Samoa,WSM,2015,2.0103
Kyrgyzstan,KGZ,2015,2.0633
North Korea,PRK,2015,2.1145
Nicaragua,NIC,2015,2.1434
Suriname,SUR,2015,2.1569
Egypt,EGY,2015,2.18
Mexico,MEX,2015,2.1881
Palestine,PSE,2015,2.2087
Vietnam,VNM,2015,2.2467
Colombia,COL,2015,2.3625
Tonga,TON,2015,2.364
Ecuador,ECU,2015,2.3994
Cape Verde,CPV,2015,2.5013
Mongolia,MNG,2015,2.5169
Dominican Republic,DOM,2015,2.6336
Peru,PER,2015,2.6794
Vanuatu,VUT,2015,2.6867
Libya,LBY,2015,2.6954
Philippines,PHL,2015,2.7261
Indonesia,IDN,2015,2.7842
Morocco,MAR,2015,2.9185
Cambodia,KHM,2015,2.9446
Algeria,DZA,2015,2.9578
Trinidad and Tobago,TTO,2015,2.9647
Guatemala,GTM,2015,2.9694
Solomon Islands,SLB,2015,3.2445
Bhutan,BTN,2015,3.2891
Azerbaijan,AZE,2015,3.3424
Uzbekistan,UZB,2015,3.3756
Paraguay,PRY,2015,3.3935
Iraq,IRQ,2015,3.5017
Nepal,NPL,2015,3.5281
Bangladesh,BGD,2015,3.6479
Western Sahara,ESH,2015,3.7761
Honduras,HND,2015,3.7876
Botswana,BWA,2015,3.8414
Micronesia,FSM,2015,3.928099823
Guyana,GUY,2015,3.9665
South Africa,ZAF,2015,4.0828
Namibia,NAM,2015,4.0874
World,OWID_WRL,2015,4.4959
Tajikistan,TJK,2015,4.5138
Senegal,SEN,2015,4.7729
India,IND,2015,4.8003
Madagascar,MDG,2015,4.8979
Timor,TLS,2015,4.9651
Kenya,KEN,2015,5.037
Eritrea,ERI,2015,5.0881
Gabon,GAB,2015,5.2258
Turkmenistan,TKM,2015,5.3295
Melanesia,OWID_MNS,2015,5.4265
Myanmar,MMR,2015,5.4593
Laos,LAO,2015,5.5001
Rwanda,RWA,2015,5.5747
Kiribati,KIR,2015,5.7475
Tanzania,TZA,2015,5.8245
Yemen,YEM,2015,5.8623
Congo,COG,2015,5.9402
Papua New Guinea,PNG,2015,6.0448
Ethiopia,ETH,2015,6.0506
Sao Tome and Principe,STP,2015,6.1022
Zimbabwe,ZWE,2015,6.1797
Ghana,GHA,2015,6.3058
Swaziland,SWZ,2015,6.3848
Bolivia,BOL,2015,6.5566
Sudan,SDN,2015,7.0136
Liberia,LBR,2015,7.0826
Gambia,GMB,2015,7.0969
Lesotho,LSO,2015,7.1499
Zambia,ZMB,2015,7.2873
Haiti,HTI,2015,7.3092
Comoros,COM,2015,7.3432
Afghanistan,AFG,2015,7.4315
Malawi,MWI,2015,7.8526
Togo,TGO,2015,7.941
Djibouti,DJI,2015,7.9413
Pakistan,PAK,2015,8.285
Uganda,UGA,2015,8.6909
Mauritania,MRT,2015,8.9004
Burkina Faso,BFA,2015,8.9929
Cote d'Ivoire,CIV,2015,9.0273
Guinea,GIN,2015,9.115
Angola,AGO,2015,9.3915
Cameroon,CMR,2015,9.6166
Mozambique,MOZ,2015,9.8478
Benin,BEN,2015,10.0458
Equatorial Guinea,GNQ,2015,10.076
Democratic Republic of Congo,COD,2015,10.7319
Niger,NER,2015,11.0171
Nigeria,NGA,2015,11.2083
South Sudan,SSD,2015,11.2793
Mali,MLI,2015,11.4336
Burundi,BDI,2015,11.5956
Sierra Leone,SLE,2015,12.2049
Somalia,SOM,2015,12.296
Guinea-Bissau,GNB,2015,12.561
Chad,TCD,2015,13.8455
Central African Republic,CAF,2015,13.9192
